# torus knot (2,3) -- placeholder mesh for the particle loader
v 1.84000 0.00059 0.00000
v 1.81940 0.05256 -0.10401
v 1.76028 0.09819 -0.19548
v 1.66977 0.13198 -0.26336
v 1.55878 0.14985 -0.29949
v 1.44070 0.14964 -0.29949
v 1.32977 0.13138 -0.26336
v 1.23937 0.09728 -0.19548
v 1.18041 0.05145 -0.10401
v 1.16000 -0.00059 -0.00000
v 1.18060 -0.05256 0.10401
v 1.23972 -0.09819 0.19548
v 1.33023 -0.13198 0.26336
v 1.44122 -0.14985 0.29949
v 1.55930 -0.14964 0.29949
v 1.67023 -0.13138 0.26336
v 1.76063 -0.09728 0.19548
v 1.81959 -0.05145 0.10401
v 1.83397 0.12004 0.04279
v 1.80830 0.16955 -0.06129
v 1.74494 0.20893 -0.15282
v 1.65152 0.23342 -0.22076
v 1.53930 0.24008 -0.25691
v 1.42183 0.22809 -0.25691
v 1.31327 0.19891 -0.22076
v 1.22672 0.15605 -0.15282
v 1.17261 0.10469 -0.06129
v 1.15748 0.05102 0.04279
v 1.18314 0.00151 0.14687
v 1.24651 -0.03787 0.23840
v 1.33993 -0.06236 0.30633
v 1.45214 -0.06902 0.34248
v 1.56962 -0.05703 0.34248
v 1.67817 -0.02785 0.30633
v 1.76473 0.01500 0.23840
v 1.81883 0.06637 0.14687
v 1.81607 0.23818 0.08526
v 1.78569 0.28448 -0.01903
v 1.71879 0.31698 -0.11075
v 1.62345 0.33177 -0.17882
v 1.51116 0.32707 -0.21504
v 1.39547 0.30344 -0.21504
v 1.29033 0.26374 -0.17882
v 1.20842 0.21275 -0.11075
v 1.15962 0.15662 -0.01903
v 1.14982 0.10212 0.08526
v 1.18020 0.05583 0.18955
v 1.24710 0.02333 0.28127
v 1.34244 0.00853 0.34934
v 1.45473 0.01323 0.38556
v 1.57043 0.03686 0.38556
v 1.67557 0.07657 0.34934
v 1.75748 0.12756 0.28127
v 1.80627 0.18369 0.18955
v 1.78657 0.35376 0.12711
v 1.75195 0.39612 0.02247
v 1.68234 0.42123 -0.06955
v 1.58614 0.42604 -0.13785
v 1.47494 0.40998 -0.17419
v 1.36217 0.37498 -0.17419
v 1.26141 0.32527 -0.13785
v 1.18484 0.26683 -0.06955
v 1.14167 0.20673 0.02247
v 1.13712 0.15221 0.12711
v 1.17174 0.10984 0.23175
v 1.24135 0.08474 0.32377
v 1.33755 0.07992 0.39207
v 1.44875 0.09599 0.42841
v 1.56152 0.13099 0.42841
v 1.66228 0.18070 0.39207
v 1.73885 0.23913 0.32377
v 1.78202 0.29923 0.23175
v 1.74587 0.46553 0.16802
v 1.70762 0.50336 0.06291
v 1.63621 0.52065 -0.02953
v 1.54026 0.51533 -0.09814
v 1.43133 0.48804 -0.13465
v 1.32256 0.44207 -0.13465
v 1.22708 0.38296 -0.09814
v 1.15640 0.31784 -0.02953
v 1.11905 0.25458 0.06291
v 1.11952 0.20079 0.16802
v 1.15777 0.16296 0.27314
v 1.22918 0.14567 0.36558
v 1.32513 0.15099 0.43419
v 1.43406 0.17828 0.47070
v 1.54283 0.22425 0.47070
v 1.63831 0.28336 0.43419
v 1.70899 0.34847 0.36558
v 1.74634 0.41174 0.27314
v 1.69454 0.57236 0.20771
v 1.65338 0.60512 0.10199
v 1.58116 0.61432 0.00903
v 1.48659 0.59887 -0.05997
v 1.38108 0.56062 -0.09669
v 1.27736 0.50418 -0.09669
v 1.18793 0.43637 -0.05997
v 1.12359 0.36537 0.00903
v 1.09209 0.29973 0.10199
v 1.09723 0.24738 0.20771
v 1.13839 0.21462 0.31342
v 1.21061 0.20542 0.40639
v 1.30518 0.22087 0.47539
v 1.41069 0.25912 0.51210
v 1.51441 0.31556 0.51210
v 1.60384 0.38337 0.47539
v 1.66818 0.45437 0.40639
v 1.69968 0.52001 0.31342
v 1.63329 0.67319 0.24587
v 1.59002 0.70046 0.13944
v 1.51803 0.70143 0.04585
v 1.42600 0.67598 -0.02361
v 1.32503 0.62717 -0.06058
v 1.22730 0.56089 -0.06058
v 1.14460 0.48515 -0.02361
v 1.08690 0.40906 0.04585
v 1.06117 0.34182 0.13944
v 1.07050 0.29153 0.24587
v 1.11377 0.26425 0.35229
v 1.18577 0.26328 0.44588
v 1.27780 0.28873 0.51535
v 1.37877 0.33754 0.55231
v 1.47650 0.40382 0.55231
v 1.55920 0.47957 0.51535
v 1.61689 0.55565 0.44588
v 1.64263 0.62289 0.35229
v 1.56295 0.76706 0.28222
v 1.51845 0.78857 0.17498
v 1.44776 0.78131 0.08068
v 1.35940 0.74613 0.01069
v 1.26404 0.68730 -0.02656
v 1.17317 0.61189 -0.02656
v 1.09776 0.52901 0.01069
v 1.04689 0.44866 0.08068
v 1.02672 0.38052 0.17498
v 1.03966 0.33282 0.28222
v 1.08416 0.31130 0.38946
v 1.15485 0.31857 0.48376
v 1.24320 0.35374 0.55376
v 1.33857 0.41258 0.59100
v 1.42944 0.48798 0.59100
v 1.50485 0.57086 0.55376
v 1.55571 0.65121 0.48376
v 1.57589 0.71935 0.38946
v 1.48445 0.85314 0.31651
v 1.43965 0.86876 0.20837
v 1.37135 0.85340 0.11328
v 1.28778 0.80893 0.04270
v 1.19902 0.74071 0.00515
v 1.11578 0.65696 0.00515
v 1.04809 0.56779 0.04270
v 1.00412 0.48396 0.11328
v 0.98918 0.41557 0.20837
v 1.00506 0.37087 0.31651
v 1.04986 0.35525 0.42464
v 1.11816 0.37061 0.51973
v 1.20173 0.41508 0.59031
v 1.29049 0.48330 0.62786
v 1.37373 0.56705 0.62786
v 1.44142 0.65621 0.59031
v 1.48539 0.74005 0.51973
v 1.50033 0.80844 0.42464
v 1.39881 0.93075 0.34847
v 1.35469 0.94047 0.23937
v 1.28985 0.91732 0.14343
v 1.21213 0.86411 0.07223
v 1.13088 0.78726 0.03434
v 1.05592 0.69602 0.03434
v 0.99629 0.60141 0.07223
v 0.95916 0.51484 0.14343
v 0.94904 0.44675 0.23937
v 0.96712 0.40535 0.34847
v 1.01125 0.39564 0.45757
v 1.07608 0.41878 0.55350
v 1.15380 0.47199 0.62471
v 1.23505 0.54885 0.66260
v 1.31001 0.64008 0.66260
v 1.36965 0.73469 0.62471
v 1.40677 0.82126 0.55350
v 1.41689 0.88936 0.45757
v 1.30711 0.99935 0.37787
v 1.26464 1.00331 0.26777
v 1.20432 0.97282 0.17094
v 1.13344 0.91155 0.09908
v 1.06053 0.82690 0.06084
v 0.99441 0.72907 0.06084
v 0.94303 0.62987 0.09908
v 0.91260 0.54125 0.17094
v 0.90679 0.47392 0.26777
v 0.92630 0.43598 0.37787
v 0.96877 0.43202 0.48798
v 1.02909 0.46251 0.58481
v 1.09997 0.52378 0.65667
v 1.17288 0.60843 0.69491
v 1.23900 0.70626 0.69491
v 1.29038 0.80546 0.65667
v 1.32081 0.89407 0.58481
v 1.32662 0.96141 0.48798
v 1.21050 1.05852 0.40451
v 1.17063 1.05703 0.29337
v 1.11583 1.01977 0.19564
v 1.05270 0.95125 0.12310
v 0.98886 0.85972 0.08450
v 0.93200 0.75623 0.08450
v 0.88898 0.65326 0.12310
v 0.86500 0.56322 0.19564
v 0.86295 0.49699 0.29337
v 0.88307 0.46254 0.40451
v 0.92293 0.46404 0.51565
v 0.97773 0.50129 0.61338
v 1.04086 0.56982 0.68592
v 1.10471 0.66134 0.72452
v 1.16156 0.76483 0.72452
v 1.20458 0.86780 0.68592
v 1.22856 0.95784 0.61338
v 1.23061 1.02407 0.51565
v 1.11011 1.10803 0.42817
v 1.07379 1.10152 0.31601
v 1.02543 1.05822 0.21737
v 0.97087 0.98334 0.14416
v 0.91670 0.88592 0.10521
v 0.86943 0.77771 0.10521
v 0.83478 0.67176 0.14416
v 0.81693 0.58085 0.21737
v 0.81802 0.51595 0.31601
v 0.83793 0.48488 0.42817
v 0.87426 0.49139 0.54034
v 0.92262 0.53469 0.63898
v 0.97717 0.60957 0.71219
v 1.03135 0.70699 0.75114
v 1.07862 0.81520 0.75114
v 1.11326 0.92115 0.71219
v 1.13112 1.01206 0.63898
v 1.13002 1.07696 0.54034
v 1.00712 1.14779 0.44870
v 0.97521 1.13684 0.33554
v 0.93414 1.08832 0.23603
v 0.88887 1.00808 0.16217
v 0.84485 0.90581 0.12287
v 0.80739 0.79382 0.12287
v 0.78102 0.68564 0.16217
v 0.76891 0.59431 0.23603
v 0.77252 0.53085 0.33554
v 0.79143 0.50290 0.44870
v 0.82334 0.51385 0.56186
v 0.86441 0.56237 0.66137
v 0.90968 0.64261 0.73523
v 0.95370 0.74489 0.77453
v 0.99116 0.85687 0.77453
v 1.01753 0.96505 0.73523
v 1.02964 1.05638 0.66137
v 1.02602 1.11985 0.56186
v 0.90266 1.17785 0.46593
v 0.87597 1.16316 0.35185
v 0.84293 1.11037 0.25153
v 0.80753 1.02584 0.17706
v 0.77404 0.91977 0.13744
v 0.74650 0.80494 0.13744
v 0.72823 0.69522 0.17706
v 0.72144 0.60383 0.25153
v 0.72694 0.54179 0.35185
v 0.74407 0.51660 0.46593
v 0.77076 0.53128 0.58001
v 0.80380 0.58407 0.68034
v 0.83920 0.66860 0.75480
v 0.87269 0.77468 0.79442
v 0.90023 0.88950 0.79442
v 0.91850 0.99923 0.75480
v 0.92529 1.09062 0.68034
v 0.91979 1.15265 0.58001
v 0.79784 1.19840 0.47975
v 0.77707 1.18080 0.36485
v 0.75269 1.12477 0.26381
v 0.72763 1.03707 0.18881
v 0.70492 0.92829 0.14891
v 0.68730 0.81153 0.14891
v 0.67689 0.70088 0.18881
v 0.67495 0.60969 0.26381
v 0.68172 0.54896 0.36485
v 0.69637 0.52602 0.47975
v 0.71715 0.54362 0.59465
v 0.74153 0.59965 0.69569
v 0.76659 0.68734 0.77068
v 0.78930 0.79613 0.81058
v 0.80692 0.91289 0.81058
v 0.81733 1.02354 0.77068
v 0.81926 1.11472 0.69569
v 0.81250 1.17545 0.59465
v 0.69372 1.20979 0.49004
v 0.67947 1.19019 0.37447
v 0.66423 1.13202 0.27285
v 0.64985 1.04232 0.19742
v 0.63804 0.93190 0.15728
v 0.63025 0.81408 0.15728
v 0.62741 0.70306 0.19742
v 0.62986 0.61225 0.27285
v 0.63730 0.55259 0.37447
v 0.64884 0.53128 0.49004
v 0.66309 0.55088 0.60561
v 0.67833 0.60904 0.70724
v 0.69272 0.69875 0.78267
v 0.70452 0.80917 0.82280
v 0.71231 0.92699 0.82280
v 0.71516 1.03800 0.78267
v 0.71271 1.12882 0.70724
v 0.70526 1.18848 0.60561
v 0.59128 1.21248 0.49674
v 0.58403 1.19186 0.38070
v 0.57830 1.13272 0.27866
v 0.57477 1.04220 0.20292
v 0.57388 0.93121 0.16262
v 0.57573 0.81315 0.16262
v 0.58010 0.70224 0.20292
v 0.58647 0.61187 0.27866
v 0.59405 0.55295 0.38070
v 0.60195 0.53256 0.49674
v 0.60920 0.55318 0.61278
v 0.61493 0.61232 0.71482
v 0.61846 0.70284 0.79056
v 0.61935 0.81383 0.83086
v 0.61749 0.93190 0.83086
v 0.61312 1.04280 0.79056
v 0.60676 1.13317 0.71482
v 0.59918 1.19210 0.61278
v 0.49143 1.20703 0.49980
v 0.49152 1.18645 0.38352
v 0.49550 1.12752 0.28128
v 0.50289 1.03735 0.20539
v 0.51279 0.92684 0.16500
v 0.52402 0.80929 0.16500
v 0.53522 0.69890 0.20539
v 0.54504 0.60897 0.28128
v 0.55229 0.55035 0.38352
v 0.55611 0.53012 0.49980
v 0.55602 0.55071 0.61607
v 0.55204 0.60964 0.71832
v 0.54466 0.69980 0.79421
v 0.53475 0.81032 0.83459
v 0.52352 0.92786 0.83459
v 0.51232 1.03826 0.79421
v 0.50250 1.12819 0.71832
v 0.49525 1.18680 0.61607
v 0.39499 1.19414 0.49918
v 0.40262 1.17466 0.38297
v 0.41636 1.11712 0.28078
v 0.43456 1.02848 0.20492
v 0.45503 0.91941 0.16456
v 0.47530 0.80308 0.16456
v 0.49291 0.69352 0.20492
v 0.50576 0.60394 0.28078
v 0.51228 0.54515 0.38297
v 0.51170 0.52423 0.49918
v 0.50408 0.54372 0.61540
v 0.49033 0.60125 0.71759
v 0.47213 0.68990 0.79344
v 0.45166 0.79896 0.83380
v 0.43140 0.91529 0.83380
v 0.41378 1.02485 0.79344
v 0.40093 1.11443 0.71759
v 0.39441 1.17323 0.61540
v 0.30267 1.17457 0.49491
v 0.31788 1.15726 0.37910
v 0.34129 1.10228 0.27726
v 0.37007 1.01625 0.20167
v 0.40075 0.90956 0.16145
v 0.42964 0.79506 0.16145
v 0.45325 0.68658 0.20167
v 0.46873 0.59720 0.27726
v 0.47421 0.53769 0.37910
v 0.46904 0.51524 0.49491
v 0.45383 0.53255 0.61072
v 0.43042 0.58753 0.71256
v 0.40164 0.67356 0.78815
v 0.37096 0.78025 0.82837
v 0.34207 0.89475 0.82837
v 0.31846 1.00323 0.78815
v 0.30298 1.09261 0.71256
v 0.29750 1.15212 0.61072
v 0.21508 1.14917 0.48701
v 0.23777 1.13508 0.37199
v 0.27059 1.08374 0.27084
v 0.30958 1.00136 0.19577
v 0.35003 0.89786 0.15582
v 0.38706 0.78574 0.15582
v 0.41622 0.67851 0.19577
v 0.43398 0.58912 0.27084
v 0.43819 0.52833 0.37199
v 0.42836 0.50349 0.48701
v 0.40567 0.51759 0.60202
v 0.37285 0.56892 0.70317
v 0.33386 0.65131 0.77824
v 0.29341 0.75480 0.81819
v 0.25638 0.86693 0.81819
v 0.22722 0.97415 0.77824
v 0.20946 1.06355 0.70317
v 0.20525 1.12433 0.60202
v 0.13270 1.11886 0.47553
v 0.16264 1.10894 0.36174
v 0.20448 1.06226 0.26167
v 0.25317 0.98444 0.18740
v 0.30283 0.88486 0.14788
v 0.34748 0.77555 0.14788
v 0.38174 0.66968 0.18740
v 0.40146 0.58003 0.26167
v 0.40428 0.51740 0.36174
v 0.38985 0.48936 0.47553
v 0.35990 0.49928 0.58932
v 0.31807 0.54596 0.68938
v 0.26938 0.62378 0.76365
v 0.21971 0.72336 0.80317
v 0.17506 0.83267 0.80317
v 0.14080 0.93854 0.76365
v 0.12108 1.02819 0.68938
v 0.11826 1.09082 0.58932
v 0.05591 1.08460 0.46056
v 0.09273 1.07972 0.34848
v 0.14307 1.03856 0.24991
v 0.20084 0.96608 0.17675
v 0.25908 0.87103 0.13782
v 0.31077 0.76486 0.13782
v 0.34967 0.66039 0.17675
v 0.37109 0.57021 0.24991
v 0.37244 0.50520 0.34848
v 0.35357 0.47321 0.46056
v 0.31674 0.47809 0.57265
v 0.26641 0.51925 0.67121
v 0.20864 0.59173 0.74437
v 0.15040 0.68678 0.78330
v 0.09871 0.79295 0.78330
v 0.05981 0.89742 0.74437
v 0.03839 0.98760 0.67121
v 0.03704 1.05261 0.57265
v -0.01502 1.04740 0.44222
v 0.02821 1.04828 0.33234
v 0.08641 1.01335 0.23571
v 0.15255 0.94683 0.16400
v 0.21865 0.85673 0.12584
v 0.27674 0.75393 0.12584
v 0.31982 0.65082 0.16400
v 0.34269 0.55985 0.23571
v 0.34259 0.49197 0.33234
v 0.31953 0.45539 0.44222
v 0.27629 0.45451 0.55209
v 0.21810 0.48944 0.64872
v 0.15196 0.55596 0.72044
v 0.08586 0.64606 0.75860
v 0.02776 0.74886 0.75860
v -0.01532 0.85197 0.72044
v -0.03818 0.94294 0.64872
v -0.03808 1.01082 0.55209
v -0.07995 1.00830 0.42063
v -0.03085 1.01547 0.31348
v 0.03450 0.98728 0.21925
v 0.10821 0.92712 0.14932
v 0.18139 0.84225 0.11210
v 0.24522 0.74291 0.11210
v 0.29200 0.64108 0.14932
v 0.31608 0.54904 0.21925
v 0.31457 0.47789 0.31348
v 0.28764 0.43621 0.42063
v 0.23854 0.42903 0.52778
v 0.17319 0.45723 0.62200
v 0.09948 0.51738 0.69194
v 0.02630 0.60225 0.72915
v -0.03753 0.70159 0.72915
v -0.08431 0.80343 0.69194
v -0.10839 0.89547 0.62200
v -0.10688 0.96662 0.52778
v -0.13881 0.96834 0.39595
v -0.08443 0.98213 0.29205
v -0.01270 0.96095 0.20068
v 0.06774 0.90733 0.13286
v 0.14717 0.82777 0.09677
v 0.21602 0.73184 0.09677
v 0.26599 0.63112 0.13286
v 0.29105 0.53776 0.20068
v 0.28817 0.46302 0.29205
v 0.25770 0.41591 0.39595
v 0.20332 0.40212 0.49985
v 0.13159 0.42331 0.59123
v 0.05116 0.47692 0.65904
v -0.02828 0.55649 0.69513
v -0.09713 0.65242 0.69513
v -0.14710 0.75314 0.65904
v -0.17215 0.84650 0.59123
v -0.16927 0.92124 0.49985
v -0.19164 0.92861 0.36837
v -0.13256 0.94909 0.26821
v -0.05521 0.93490 0.18012
v 0.03108 0.88775 0.11474
v 0.11590 0.81333 0.07996
v 0.18902 0.72061 0.07996
v 0.24162 0.62078 0.11474
v 0.26736 0.52588 0.18012
v 0.26313 0.44735 0.26821
v 0.22944 0.39467 0.36837
v 0.17036 0.37419 0.46854
v 0.09301 0.38838 0.55662
v 0.00672 0.43554 0.62200
v -0.07810 0.50996 0.65679
v -0.15121 0.60268 0.65679
v -0.20382 0.70251 0.62200
v -0.22955 0.79741 0.55662
v -0.22532 0.87593 0.46854
v -0.23854 0.89018 0.33809
v -0.17527 0.91714 0.24210
v -0.09304 0.90963 0.15769
v -0.00177 0.86857 0.09504
v 0.08755 0.79889 0.06170
v 0.16412 0.70901 0.06170
v 0.21873 0.60976 0.09504
v 0.24478 0.51312 0.15769
v 0.23913 0.43075 0.24210
v 0.20246 0.37257 0.33809
v 0.13920 0.34560 0.43408
v 0.05697 0.35311 0.51849
v -0.03430 0.39418 0.58114
v -0.12362 0.46385 0.61447
v -0.20020 0.55373 0.61447
v -0.25481 0.65298 0.58114
v -0.28086 0.74962 0.51849
v -0.27521 0.83200 0.43408
v -0.27965 0.85409 0.30532
v -0.21261 0.88704 0.21387
v -0.12617 0.88558 0.13344
v -0.03074 0.84990 0.07375
v 0.06216 0.78429 0.04199
v 0.14133 0.69668 0.04199
v 0.19722 0.59763 0.07375
v 0.22308 0.49909 0.13344
v 0.21581 0.41294 0.21387
v 0.17627 0.34957 0.30532
v 0.10923 0.31663 0.39678
v 0.02278 0.31809 0.47720
v -0.07265 0.35377 0.53690
v -0.16555 0.41937 0.56866
v -0.24472 0.50698 0.56866
v -0.30060 0.60603 0.53690
v -0.32647 0.70457 0.47720
v -0.31919 0.79073 0.39678
v -0.31512 0.82140 0.27032
v -0.24457 0.85949 0.18363
v -0.15446 0.86308 0.10740
v -0.05567 0.83175 0.05082
v 0.03989 0.76926 0.02072
v 0.12069 0.68315 0.02072
v 0.17700 0.58382 0.05082
v 0.20200 0.48324 0.10740
v 0.19270 0.39355 0.18363
v 0.15021 0.32555 0.27032
v 0.07966 0.28746 0.35701
v -0.01045 0.28387 0.43324
v -0.10924 0.31521 0.48982
v -0.20480 0.37769 0.51992
v -0.28560 0.46380 0.51992
v -0.34190 0.56313 0.48982
v -0.36691 0.66371 0.43324
v -0.35761 0.75341 0.35701
v -0.34508 0.79305 0.23333
v -0.27109 0.83512 0.15149
v -0.17776 0.84240 0.07952
v -0.07635 0.81401 0.02610
v 0.02091 0.75338 -0.00232
v 0.10228 0.66782 -0.00232
v 0.15796 0.56764 0.02610
v 0.18122 0.46493 0.07952
v 0.16927 0.37209 0.15149
v 0.12354 0.30030 0.23333
v 0.04955 0.25823 0.31518
v -0.04378 0.25095 0.38715
v -0.14519 0.27933 0.44057
v -0.24245 0.33997 0.46899
v -0.32382 0.42553 0.46899
v -0.37950 0.52571 0.44057
v -0.40276 0.62841 0.38715
v -0.39081 0.72126 0.31518
v -0.36960 0.76983 0.19464
v -0.29207 0.81437 0.11751
v -0.19586 0.82361 0.04968
v -0.09256 0.79644 -0.00066
v 0.00536 0.73613 -0.02744
v 0.08610 0.64997 -0.02744
v 0.13991 0.54833 -0.00066
v 0.16030 0.44348 0.04968
v 0.14482 0.34807 0.11751
v 0.09533 0.27360 0.19464
v 0.01780 0.22906 0.27176
v -0.07841 0.21982 0.33959
v -0.18171 0.24699 0.38993
v -0.27963 0.30730 0.41671
v -0.36037 0.39347 0.41671
v -0.41418 0.49510 0.38993
v -0.43457 0.59995 0.33959
v -0.41909 0.69536 0.27176
v -0.38873 0.75223 0.15451
v -0.30747 0.79740 0.08172
v -0.20866 0.80656 0.01771
v -0.10424 0.77860 -0.02979
v -0.00679 0.71689 -0.05507
v 0.07193 0.62888 -0.05507
v 0.12242 0.52518 -0.02979
v 0.13860 0.41829 0.01771
v 0.11852 0.32112 0.08172
v 0.06459 0.24538 0.15451
v -0.01668 0.20020 0.22730
v -0.11548 0.19104 0.29130
v -0.21990 0.21900 0.33881
v -0.31735 0.28071 0.36409
v -0.39607 0.36872 0.36409
v -0.44657 0.47243 0.33881
v -0.46275 0.57931 0.29130
v -0.44266 0.67649 0.22730
v -0.40260 0.74022 0.11325
v -0.31742 0.78396 0.04415
v -0.21641 0.79080 -0.01662
v -0.11174 0.75992 -0.06172
v -0.01604 0.69504 -0.08572
v 0.05914 0.60399 -0.08572
v 0.10474 0.49774 -0.06172
v 0.11526 0.38912 -0.01662
v 0.08943 0.29123 0.04415
v 0.03036 0.21587 0.11325
v -0.05481 0.17213 0.18235
v -0.15583 0.16528 0.24311
v -0.26049 0.19616 0.28821
v -0.35619 0.26104 0.31221
v -0.43137 0.35209 0.31221
v -0.47698 0.45834 0.28821
v -0.48750 0.56696 0.24311
v -0.46167 0.66485 0.18235
v -0.41166 0.73305 0.07116
v -0.32264 0.77324 0.00480
v -0.22001 0.77559 -0.05355
v -0.11615 0.73980 -0.09685
v -0.02359 0.67020 -0.11990
v 0.04651 0.57517 -0.11990
v 0.08569 0.46619 -0.09685
v 0.08923 0.35640 -0.05355
v 0.05670 0.25903 0.00480
v -0.00798 0.18584 0.07116
v -0.09700 0.14565 0.13751
v -0.19963 0.14330 0.19586
v -0.30349 0.17909 0.23917
v -0.39605 0.24869 0.26221
v -0.46615 0.34372 0.26221
v -0.50533 0.45270 0.23917
v -0.50887 0.56249 0.19586
v -0.47634 0.65986 0.13751
v -0.41707 0.72926 0.02854
v -0.32470 0.76407 -0.03625
v -0.22135 0.76014 -0.09323
v -0.11949 0.71795 -0.13553
v -0.03141 0.64260 -0.15803
v 0.03227 0.54316 -0.15803
v 0.06386 0.43163 -0.13553
v 0.05957 0.32147 -0.09323
v 0.01990 0.22596 -0.03625
v -0.05036 0.15662 0.02854
v -0.14273 0.12181 0.09334
v -0.24608 0.12574 0.15032
v -0.34794 0.16792 0.19262
v -0.43602 0.24328 0.21512
v -0.49969 0.34272 0.21512
v -0.53129 0.45424 0.19262
v -0.52700 0.56441 0.15032
v -0.48733 0.65992 0.09334
v -0.42089 0.72695 -0.01428
v -0.32616 0.75519 -0.07887
v -0.22325 0.74400 -0.13567
v -0.12456 0.69474 -0.17783
v -0.04200 0.61335 -0.20026
v 0.01446 0.50964 -0.20026
v 0.03803 0.39614 -0.17783
v 0.02586 0.28651 -0.13567
v -0.02059 0.19399 -0.07887
v -0.09572 0.12974 -0.01428
v -0.19045 0.10151 0.05031
v -0.29336 0.11270 0.10711
v -0.39205 0.16196 0.14927
v -0.47461 0.24335 0.17170
v -0.53107 0.34705 0.17170
v -0.55464 0.46056 0.14927
v -0.54246 0.57019 0.10711
v -0.49601 0.66270 0.05031
v -0.42591 0.72442 -0.05700
v -0.33019 0.74580 -0.12275
v -0.22890 0.72733 -0.18057
v -0.13427 0.67124 -0.22349
v -0.05771 0.58430 -0.24633
v -0.00845 0.47698 -0.24633
v 0.00757 0.36225 -0.22349
v -0.01158 0.25392 -0.18057
v -0.06360 0.16508 -0.12275
v -0.14221 0.10643 -0.05700
v -0.23794 0.08505 0.00876
v -0.33922 0.10352 0.06658
v -0.43385 0.15961 0.10950
v -0.51041 0.24655 0.13234
v -0.55968 0.35387 0.13234
v -0.57570 0.46861 0.10950
v -0.55654 0.57693 0.06658
v -0.50452 0.66578 0.00876
v -0.43493 0.72061 -0.09930
v -0.33970 0.73573 -0.16746
v -0.24107 0.71082 -0.22741
v -0.15092 0.64889 -0.27191
v -0.08012 0.55739 -0.29558
v -0.03722 0.44738 -0.29558
v -0.02740 0.33212 -0.27191
v -0.05182 0.22550 -0.22741
v -0.10756 0.14040 -0.16746
v -0.18788 0.08707 -0.09930
v -0.28311 0.07195 -0.03113
v -0.38174 0.09685 0.02882
v -0.47189 0.15879 0.07332
v -0.54269 0.25028 0.09699
v -0.58559 0.36029 0.09699
v -0.59542 0.47556 0.07332
v -0.57099 0.58217 0.02882
v -0.51525 0.66728 -0.03113
v -0.45009 0.71510 -0.14087
v -0.35673 0.72517 -0.21247
v -0.26145 0.69519 -0.27544
v -0.17572 0.62879 -0.32218
v -0.10989 0.53397 -0.34705
v -0.07190 0.42216 -0.34705
v -0.06633 0.30687 -0.32218
v -0.09385 0.20198 -0.27544
v -0.15114 0.12015 -0.21247
v -0.23130 0.07126 -0.14087
v -0.32465 0.06119 -0.06926
v -0.41994 0.09117 -0.00629
v -0.50567 0.15758 0.04044
v -0.57150 0.25240 0.06531
v -0.60949 0.36420 0.06531
v -0.61506 0.47950 0.04044
v -0.58754 0.58438 -0.00629
v -0.53024 0.66621 -0.06926
v -0.47254 0.70786 -0.18140
v -0.38222 0.71429 -0.25718
v -0.29068 0.68077 -0.32383
v -0.20898 0.61133 -0.37329
v -0.14697 0.51435 -0.39961
v -0.11213 0.40153 -0.39961
v -0.10865 0.28647 -0.37329
v -0.13697 0.18306 -0.32383
v -0.19366 0.10376 -0.25718
v -0.27188 0.05814 -0.18140
v -0.36221 0.05170 -0.10562
v -0.45374 0.08522 -0.03898
v -0.53544 0.15466 0.01048
v -0.59745 0.25164 0.03680
v -0.63230 0.36446 0.03680
v -0.63577 0.47952 0.01048
v -0.60746 0.58294 -0.03898
v -0.55077 0.66224 -0.10562
v -0.50259 0.69881 -0.22061
v -0.41622 0.70298 -0.30102
v -0.32864 0.66731 -0.37174
v -0.25041 0.59612 -0.42422
v -0.19096 0.49799 -0.45215
v -0.15747 0.38476 -0.45215
v -0.15398 0.27008 -0.42422
v -0.18091 0.16779 -0.37174
v -0.23500 0.09022 -0.30102
v -0.30974 0.04674 -0.22061
v -0.39611 0.04257 -0.14020
v -0.48369 0.07824 -0.06949
v -0.56192 0.14943 -0.01700
v -0.62137 0.24756 0.01093
v -0.65486 0.36079 0.01093
v -0.65835 0.47547 -0.01700
v -0.63143 0.57776 -0.06949
v -0.57733 0.65533 -0.14020
v -0.53996 0.68776 -0.25820
v -0.45830 0.69074 -0.34344
v -0.37476 0.65407 -0.41840
v -0.29941 0.58217 -0.47404
v -0.24133 0.48371 -0.50364
v -0.20755 0.37057 -0.50364
v -0.20212 0.25639 -0.47404
v -0.22571 0.15494 -0.41840
v -0.27546 0.07847 -0.34344
v -0.34539 0.03619 -0.25820
v -0.42705 0.03320 -0.17296
v -0.51059 0.06987 -0.09800
v -0.58594 0.14177 -0.04236
v -0.64401 0.24023 -0.01276
v -0.67780 0.35338 -0.01276
v -0.68323 0.46756 -0.04236
v -0.65964 0.56900 -0.09800
v -0.60988 0.64548 -0.17296
v -0.58405 0.67427 -0.29389
v -0.50772 0.67685 -0.38394
v -0.42825 0.64001 -0.46313
v -0.35524 0.56819 -0.52191
v -0.29748 0.47006 -0.55318
v -0.26196 0.35745 -0.55318
v -0.25295 0.24395 -0.52191
v -0.27153 0.14323 -0.46313
v -0.31547 0.06746 -0.38394
v -0.37947 0.02577 -0.29389
v -0.45581 0.02319 -0.20384
v -0.53528 0.06003 -0.12465
v -0.60829 0.13185 -0.06588
v -0.66604 0.22998 -0.03460
v -0.70157 0.34259 -0.03460
v -0.71058 0.45610 -0.06588
v -0.69199 0.55681 -0.12465
v -0.64805 0.63258 -0.20384
v -0.63414 0.65780 -0.32743
v -0.56361 0.66041 -0.42210
v -0.48823 0.62394 -0.50535
v -0.41708 0.55278 -0.56714
v -0.35876 0.45552 -0.60002
v -0.32029 0.34388 -0.60002
v -0.30631 0.23133 -0.56714
v -0.31852 0.13145 -0.50535
v -0.35543 0.05628 -0.42210
v -0.41259 0.01490 -0.32743
v -0.48312 0.01228 -0.23276
v -0.55850 0.04875 -0.14951
v -0.62965 0.11991 -0.08772
v -0.68797 0.21718 -0.05484
v -0.72644 0.32881 -0.05484
v -0.74042 0.44136 -0.08772
v -0.72821 0.54124 -0.14951
v -0.69130 0.61641 -0.23276
v -0.68941 0.63770 -0.35857
v -0.62506 0.64049 -0.45753
v -0.55374 0.60467 -0.54455
v -0.48405 0.53457 -0.60915
v -0.42441 0.43862 -0.64352
v -0.38201 0.32842 -0.64352
v -0.36196 0.21724 -0.60915
v -0.36668 0.11851 -0.54455
v -0.39559 0.04412 -0.45753
v -0.44522 0.00306 -0.35857
v -0.50958 0.00027 -0.25960
v -0.58090 0.03608 -0.17258
v -0.65058 0.10619 -0.10798
v -0.71022 0.20214 -0.07362
v -0.75263 0.31234 -0.07362
v -0.77268 0.42351 -0.10798
v -0.76796 0.52225 -0.17258
v -0.73904 0.59664 -0.25960
v -0.74904 0.61333 -0.38707
v -0.69108 0.61619 -0.48991
v -0.62375 0.58110 -0.58034
v -0.55516 0.51230 -0.64747
v -0.49360 0.41808 -0.68318
v -0.44648 0.30981 -0.68318
v -0.41949 0.20054 -0.64747
v -0.41588 0.10346 -0.58034
v -0.43610 0.03028 -0.48991
v -0.47769 -0.01019 -0.38707
v -0.53565 -0.01305 -0.28423
v -0.60298 0.02204 -0.19380
v -0.67157 0.09084 -0.12668
v -0.73313 0.18506 -0.09096
v -0.78025 0.29333 -0.09096
v -0.80724 0.40260 -0.12668
v -0.81085 0.49968 -0.19380
v -0.79063 0.57287 -0.28423
v -0.81215 0.58404 -0.41274
v -0.76067 0.58668 -0.51897
v -0.69719 0.55225 -0.61239
v -0.62936 0.48491 -0.68173
v -0.56536 0.39279 -0.71862
v -0.51292 0.28699 -0.71862
v -0.47837 0.18028 -0.68173
v -0.46586 0.08552 -0.61239
v -0.47690 0.01415 -0.51897
v -0.51017 -0.02522 -0.41274
v -0.56166 -0.02786 -0.30650
v -0.62514 0.00657 -0.21308
v -0.69297 0.07391 -0.14374
v -0.75696 0.16603 -0.10685
v -0.80940 0.27183 -0.10685
v -0.84396 0.37854 -0.14374
v -0.85647 0.47330 -0.21308
v -0.84542 0.54467 -0.30650
v -0.87785 0.54926 -0.43537
v -0.83277 0.55123 -0.54449
v -0.77292 0.51728 -0.64045
v -0.70550 0.45151 -0.71167
v -0.63867 0.36185 -0.74957
v -0.58047 0.25910 -0.74957
v -0.53792 0.15568 -0.71167
v -0.51617 0.06404 -0.64045
v -0.51783 -0.00475 -0.54449
v -0.54270 -0.04241 -0.43537
v -0.58778 -0.04438 -0.32625
v -0.64764 -0.01043 -0.23030
v -0.71505 0.05534 -0.15908
v -0.78189 0.14501 -0.12118
v -0.84009 0.24775 -0.12118
v -0.88263 0.35118 -0.15908
v -0.90438 0.44281 -0.23030
v -0.90272 0.51161 -0.32625
v -0.94522 0.50847 -0.45482
v -0.90630 0.50927 -0.56630
v -0.84976 0.47557 -0.66433
v -0.78242 0.41143 -0.73710
v -0.71240 0.32459 -0.77581
v -0.64815 0.22552 -0.77581
v -0.59741 0.12618 -0.73710
v -0.56630 0.03853 -0.66433
v -0.55858 -0.02683 -0.56630
v -0.57518 -0.06204 -0.45482
v -0.61410 -0.06284 -0.34334
v -0.67064 -0.02914 -0.24530
v -0.73798 0.03500 -0.17254
v -0.80800 0.12184 -0.13382
v -0.87225 0.22091 -0.13382
v -0.92299 0.32025 -0.17254
v -0.95410 0.40789 -0.24530
v -0.96182 0.47326 -0.34334
v -1.01327 0.46125 -0.47092
v -0.98014 0.46034 -0.58426
v -0.92653 0.42663 -0.68392
v -0.85890 0.36420 -0.75789
v -0.78542 0.28057 -0.79725
v -0.71495 0.18582 -0.79725
v -0.65598 0.09139 -0.75789
v -0.61564 0.00867 -0.68392
v -0.59878 -0.05237 -0.58426
v -0.60743 -0.08437 -0.47092
v -0.64057 -0.08346 -0.35759
v -0.69418 -0.04975 -0.25793
v -0.76181 0.01268 -0.18395
v -0.83529 0.09631 -0.14459
v -0.90576 0.19106 -0.14459
v -0.96473 0.28549 -0.18395
v -1.00507 0.36821 -0.25793
v -1.02193 0.42925 -0.35759
v -1.08103 0.40729 -0.48357
v -1.05316 0.40414 -0.59827
v -1.00199 0.37021 -0.69914
v -0.93372 0.30957 -0.77400
v -0.85656 0.22955 -0.81384
v -0.77984 0.13979 -0.81384
v -0.71279 0.05113 -0.77400
v -0.66351 -0.02575 -0.69914
v -0.63795 -0.08157 -0.59827
v -0.63918 -0.10959 -0.48357
v -0.66706 -0.10645 -0.36887
v -0.71822 -0.07251 -0.26801
v -0.78649 -0.01187 -0.19314
v -0.86365 0.06815 -0.15331
v -0.94038 0.15790 -0.15331
v -1.00742 0.24657 -0.19314
v -1.05670 0.32344 -0.26801
v -1.08226 0.37926 -0.36887
v -1.14748 0.34639 -0.49268
v -1.12421 0.34054 -0.60829
v -1.07496 0.30618 -0.70997
v -1.00566 0.24748 -0.78543
v -0.92468 0.17150 -0.82558
v -0.84178 0.08741 -0.82558
v -0.76696 0.00536 -0.78543
v -0.70925 -0.06477 -0.70997
v -0.67560 -0.11450 -0.60829
v -0.67008 -0.13785 -0.49268
v -0.69334 -0.13199 -0.37706
v -0.74259 -0.09764 -0.27539
v -0.81189 -0.03893 -0.19992
v -0.89287 0.03705 -0.15977
v -0.97577 0.12113 -0.15977
v -1.05059 0.20319 -0.19992
v -1.10830 0.27331 -0.27539
v -1.14195 0.32304 -0.37706
v -1.21157 0.27849 -0.49817
v -1.19217 0.26953 -0.61430
v -1.14424 0.23465 -0.71642
v -1.07356 0.17805 -0.79222
v -0.98867 0.10658 -0.83255
v -0.89979 0.02884 -0.83255
v -0.81764 -0.04579 -0.79222
v -0.75215 -0.10830 -0.71642
v -0.71120 -0.15116 -0.61430
v -0.69973 -0.16920 -0.49817
v -0.71913 -0.16023 -0.38204
v -0.76706 -0.12535 -0.27991
v -0.83774 -0.06876 -0.20411
v -0.92264 0.00271 -0.16378
v -1.01152 0.08045 -0.16378
v -1.09366 0.15508 -0.20411
v -1.15916 0.21759 -0.27991
v -1.20011 0.26045 -0.38204
v -1.27228 0.20363 -0.50000
v -1.25592 0.19127 -0.61629
v -1.20869 0.15583 -0.71855
v -1.13630 0.10160 -0.79445
v -1.04746 0.03512 -0.83483
v -0.95290 -0.03560 -0.83483
v -0.86402 -0.10203 -0.79445
v -0.79154 -0.15615 -0.71855
v -0.74421 -0.19143 -0.61629
v -0.72772 -0.20363 -0.50000
v -0.74408 -0.19127 -0.38371
v -0.79131 -0.15583 -0.28145
v -0.86370 -0.10160 -0.20555
v -0.95254 -0.03512 -0.16517
v -1.04710 0.03560 -0.16517
v -1.13598 0.10203 -0.20555
v -1.20846 0.15615 -0.28145
v -1.25579 0.19143 -0.38371
v -1.32856 0.12201 -0.49817
v -1.31438 0.10606 -0.61430
v -1.26724 0.07015 -0.71643
v -1.19281 0.01859 -0.79223
v -1.10009 -0.04239 -0.83257
v -1.00025 -0.10544 -0.83257
v -0.90534 -0.16295 -0.79223
v -0.82680 -0.20799 -0.71643
v -0.77410 -0.23512 -0.61430
v -0.75361 -0.24107 -0.49817
v -0.76779 -0.22513 -0.38203
v -0.81494 -0.18921 -0.27990
v -0.88936 -0.13765 -0.20410
v -0.98208 -0.07667 -0.16376
v -1.08192 -0.01362 -0.16376
v -1.17684 0.04389 -0.20410
v -1.25538 0.08893 -0.27990
v -1.30807 0.11606 -0.38203
v -1.37943 0.03394 -0.49268
v -1.36653 0.01437 -0.60841
v -1.31885 -0.02187 -0.71018
v -1.24215 -0.07038 -0.78572
v -1.14567 -0.12533 -0.82591
v -1.04105 -0.18008 -0.82591
v -0.94091 -0.22804 -0.78572
v -0.85733 -0.26341 -0.71018
v -0.80038 -0.28193 -0.60841
v -0.77695 -0.28136 -0.49268
v -0.78984 -0.26179 -0.37695
v -0.83752 -0.22555 -0.27518
v -0.91422 -0.17704 -0.19964
v -1.01070 -0.12209 -0.15945
v -1.11532 -0.06734 -0.15945
v -1.21546 -0.01938 -0.19964
v -1.29905 0.01599 -0.27518
v -1.35599 0.03451 -0.37695
v -1.42389 -0.06011 -0.48357
v -1.41140 -0.08324 -0.59869
v -1.36262 -0.11952 -0.69992
v -1.28344 -0.16456 -0.77506
v -1.18342 -0.21294 -0.81504
v -1.07461 -0.25881 -0.81504
v -0.97015 -0.29665 -0.77506
v -0.88263 -0.32189 -0.69992
v -0.82260 -0.33149 -0.59869
v -0.79731 -0.32429 -0.48357
v -0.80981 -0.30115 -0.36846
v -0.85858 -0.26487 -0.26723
v -0.93776 -0.21983 -0.19209
v -1.03778 -0.17145 -0.15211
v -1.14659 -0.12558 -0.15211
v -1.25105 -0.08774 -0.19209
v -1.33858 -0.06250 -0.26723
v -1.39860 -0.05290 -0.36846
v -1.46105 -0.15956 -0.47092
v -1.44810 -0.18605 -0.58526
v -1.39770 -0.22201 -0.68581
v -1.31593 -0.26310 -0.76044
v -1.21267 -0.30437 -0.80015
v -1.10036 -0.34083 -0.80015
v -0.99255 -0.36809 -0.76044
v -0.90224 -0.38287 -0.68581
v -0.84033 -0.38337 -0.58526
v -0.81429 -0.36955 -0.47092
v -0.82724 -0.34306 -0.35658
v -0.87764 -0.30710 -0.25603
v -0.95941 -0.26601 -0.18141
v -1.06267 -0.22474 -0.14170
v -1.17498 -0.18828 -0.14170
v -1.28279 -0.16102 -0.18141
v -1.37310 -0.14624 -0.25603
v -1.43501 -0.14573 -0.35658
v -1.49006 -0.26371 -0.45482
v -1.47583 -0.29323 -0.56826
v -1.42337 -0.32842 -0.66802
v -1.33899 -0.36503 -0.74206
v -1.23288 -0.39866 -0.78146
v -1.11783 -0.42524 -0.78146
v -1.00772 -0.44158 -0.74206
v -0.91583 -0.44569 -0.66802
v -0.85325 -0.43708 -0.56826
v -0.82751 -0.41679 -0.45482
v -0.84174 -0.38727 -0.34137
v -0.89420 -0.35208 -0.24161
v -0.97858 -0.31547 -0.16757
v -1.08469 -0.28184 -0.12817
v -1.19974 -0.25526 -0.12817
v -1.30985 -0.23893 -0.16757
v -1.40174 -0.23482 -0.24161
v -1.46433 -0.24342 -0.34137
v -1.51016 -0.37173 -0.43537
v -1.49393 -0.40383 -0.54784
v -1.43904 -0.43773 -0.64674
v -1.35212 -0.46933 -0.72015
v -1.24364 -0.49482 -0.75921
v -1.12669 -0.51112 -0.75921
v -1.01538 -0.51627 -0.72015
v -0.92312 -0.50966 -0.64674
v -0.86106 -0.49206 -0.54784
v -0.83667 -0.46562 -0.43537
v -0.85290 -0.43351 -0.32291
v -0.90778 -0.39962 -0.22400
v -0.99471 -0.36802 -0.15060
v -1.10319 -0.34253 -0.11154
v -1.22014 -0.32623 -0.11154
v -1.33145 -0.32107 -0.15060
v -1.42370 -0.32769 -0.22400
v -1.48577 -0.34528 -0.32291
v -1.52069 -0.48268 -0.41274
v -1.50181 -0.51684 -0.52418
v -1.44425 -0.54885 -0.62219
v -1.35495 -0.57488 -0.69493
v -1.24468 -0.59176 -0.73363
v -1.12674 -0.59747 -0.73363
v -1.01535 -0.59132 -0.69493
v -0.92395 -0.57405 -0.62219
v -0.86357 -0.54775 -0.52418
v -0.84148 -0.51558 -0.41274
v -0.86036 -0.48142 -0.30129
v -0.91792 -0.44941 -0.20328
v -1.00722 -0.42339 -0.13054
v -1.11749 -0.40650 -0.09184
v -1.23543 -0.40079 -0.09184
v -1.34682 -0.40694 -0.13054
v -1.43822 -0.42421 -0.20328
v -1.49860 -0.45051 -0.30129
v -1.52111 -0.59556 -0.38707
v -1.49905 -0.63113 -0.49748
v -1.43868 -0.66064 -0.59458
v -1.34728 -0.68053 -0.66665
v -1.23588 -0.68840 -0.70499
v -1.11791 -0.68330 -0.70499
v -1.00760 -0.66584 -0.66665
v -0.91826 -0.63814 -0.59458
v -0.86066 -0.60353 -0.49748
v -0.84175 -0.56618 -0.38707
v -0.86381 -0.53061 -0.27666
v -0.92418 -0.50110 -0.17956
v -1.01558 -0.48121 -0.10750
v -1.12698 -0.47334 -0.06915
v -1.24496 -0.47844 -0.06915
v -1.35526 -0.49590 -0.10750
v -1.44461 -0.52360 -0.17956
v -1.50220 -0.55821 -0.27666
v -1.51103 -0.70925 -0.35857
v -1.48536 -0.74554 -0.46796
v -1.42215 -0.77189 -0.56416
v -1.32904 -0.78511 -0.63556
v -1.21725 -0.78362 -0.67355
v -1.10026 -0.76759 -0.67355
v -0.99219 -0.73895 -0.63556
v -0.90607 -0.70116 -0.56416
v -0.85228 -0.65878 -0.46796
v -0.83732 -0.61692 -0.35857
v -0.86299 -0.58063 -0.24917
v -0.92620 -0.55428 -0.15297
v -1.01931 -0.54106 -0.08157
v -1.13110 -0.54255 -0.04358
v -1.24809 -0.55859 -0.04358
v -1.35616 -0.58722 -0.08157
v -1.44228 -0.62501 -0.15297
v -1.49607 -0.66739 -0.24917
v -1.49015 -0.82260 -0.32743
v -1.46058 -0.85886 -0.43584
v -1.39466 -0.88138 -0.53118
v -1.30032 -0.88745 -0.60195
v -1.18896 -0.87632 -0.63960
v -1.07400 -0.84935 -0.63960
v -0.96931 -0.80979 -0.60195
v -0.88752 -0.76240 -0.53118
v -0.83849 -0.71290 -0.43584
v -0.82813 -0.66727 -0.32743
v -0.85770 -0.63101 -0.21902
v -0.92363 -0.60849 -0.12368
v -1.01796 -0.60242 -0.05292
v -1.12932 -0.61355 -0.01526
v -1.24428 -0.64052 -0.01526
v -1.34897 -0.68008 -0.05292
v -1.43077 -0.72747 -0.12368
v -1.47980 -0.77697 -0.21902
v -1.45838 -0.93439 -0.29389
v -1.42476 -0.96985 -0.40139
v -1.35634 -0.98790 -0.49592
v -1.26137 -0.98636 -0.56608
v -1.15132 -0.96544 -0.60342
v -1.03946 -0.92764 -0.60342
v -0.93927 -0.87752 -0.56608
v -0.86284 -0.82114 -0.49592
v -0.81939 -0.76529 -0.40139
v -0.81416 -0.71671 -0.29389
v -0.84779 -0.68125 -0.18640
v -0.91621 -0.66320 -0.09187
v -1.01117 -0.66473 -0.02170
v -1.12122 -0.68566 0.01563
v -1.23309 -0.72346 0.01563
v -1.33328 -0.77358 -0.02170
v -1.40970 -0.82996 -0.09187
v -1.45315 -0.88581 -0.18640
v -1.41574 -1.04341 -0.25820
v -1.37804 -1.07727 -0.36486
v -1.30749 -1.09023 -0.45865
v -1.21259 -1.08074 -0.52827
v -1.10478 -1.04994 -0.56531
v -0.99708 -1.00154 -0.56531
v -0.90246 -0.94138 -0.52827
v -0.83235 -0.87672 -0.45865
v -0.79519 -0.81536 -0.36486
v -0.79548 -0.76469 -0.25820
v -0.83317 -0.73084 -0.15154
v -0.90373 -0.71787 -0.05775
v -0.99863 -0.72737 0.01187
v -1.10644 -0.75817 0.04891
v -1.21414 -0.80657 0.04891
v -1.30876 -0.86672 0.01187
v -1.37887 -0.93138 -0.05775
v -1.41602 -0.99275 -0.15154
v -1.36243 -1.14842 -0.22061
v -1.32079 -1.17991 -0.32653
v -1.24858 -1.18723 -0.41967
v -1.15451 -1.16950 -0.48880
v -1.04992 -1.12887 -0.52558
v -0.94743 -1.07023 -0.52558
v -0.85940 -1.00065 -0.48880
v -0.79645 -0.92853 -0.41967
v -0.76616 -0.86257 -0.32653
v -0.77221 -0.81072 -0.22061
v -0.81384 -0.77924 -0.11469
v -0.88605 -0.77192 -0.02155
v -0.98013 -0.78965 0.04758
v -1.08472 -0.83028 0.08436
v -1.18721 -0.88892 0.08436
v -1.27524 -0.95850 0.04758
v -1.33819 -1.03061 -0.02155
v -1.36847 -1.09658 -0.11469
v -1.29880 -1.24823 -0.18140
v -1.25348 -1.27660 -0.28669
v -1.18020 -1.27779 -0.37927
v -1.08780 -1.25166 -0.44799
v -0.98742 -1.20136 -0.48455
v -0.89117 -1.13296 -0.48455
v -0.81066 -1.05470 -0.44799
v -0.75560 -0.97603 -0.37927
v -0.73263 -0.90643 -0.28669
v -0.74452 -0.85430 -0.18140
v -0.78984 -0.82593 -0.07612
v -0.86312 -0.82474 0.01646
v -0.95552 -0.85087 0.08518
v -1.05590 -0.90117 0.12175
v -1.15215 -0.96958 0.12175
v -1.23266 -1.04783 0.08518
v -1.28772 -1.12651 0.01646
v -1.31069 -1.19610 -0.07612
v -1.22538 -1.34166 -0.14087
v -1.17677 -1.36624 -0.24564
v -1.10311 -1.36091 -0.33777
v -1.01327 -1.32632 -0.40615
v -0.91810 -1.26665 -0.44254
v -0.82907 -1.18908 -0.44254
v -0.75692 -1.10298 -0.40615
v -0.71036 -1.01873 -0.33777
v -0.69499 -0.94649 -0.24564
v -0.71267 -0.89497 -0.14087
v -0.76128 -0.87040 -0.03610
v -0.83495 -0.87572 0.05603
v -0.92478 -0.91031 0.12442
v -1.01995 -0.96999 0.16080
v -1.10898 -1.04755 0.16080
v -1.18113 -1.13366 0.12442
v -1.22770 -1.21791 0.05603
v -1.24307 -1.29015 -0.03610
v -1.14283 -1.42763 -0.09930
v -1.09145 -1.44781 -0.20368
v -1.01817 -1.43568 -0.29547
v -0.93183 -1.39271 -0.36360
v -0.84284 -1.32408 -0.39985
v -0.76194 -1.23807 -0.39985
v -0.69889 -1.14505 -0.36360
v -0.66128 -1.05624 -0.29547
v -0.65366 -0.98235 -0.20368
v -0.67695 -0.93230 -0.09930
v -0.72833 -0.91212 0.00509
v -0.80161 -0.92425 0.09688
v -0.88795 -0.96722 0.16501
v -0.97694 -1.03585 0.20126
v -1.05784 -1.12187 0.20126
v -1.12089 -1.21489 0.16501
v -1.15850 -1.30370 0.09688
v -1.16612 -1.37758 0.00509
v -1.05196 -1.50514 -0.05700
v -0.99842 -1.52041 -0.16113
v -0.92635 -1.50133 -0.25270
v -0.84445 -1.45018 -0.32066
v -0.76260 -1.37314 -0.35683
v -0.69066 -1.27950 -0.35683
v -0.63732 -1.18055 -0.32066
v -0.60901 -1.08824 -0.25270
v -0.60914 -1.01369 -0.16113
v -0.63769 -0.96590 -0.05700
v -0.69123 -0.95062 0.04714
v -0.76330 -0.96971 0.13871
v -0.84520 -1.02086 0.20667
v -0.92705 -1.09790 0.24284
v -0.99899 -1.19154 0.24284
v -1.05233 -1.29048 0.20667
v -1.08064 -1.38279 0.13871
v -1.08051 -1.45734 0.04714
v -0.95370 -1.57329 -0.01428
v -0.89871 -1.58326 -0.11830
v -0.82874 -1.55719 -0.20977
v -0.75222 -1.49821 -0.27766
v -0.67839 -1.41343 -0.31378
v -0.61615 -1.31308 -0.31378
v -0.57301 -1.20927 -0.27766
v -0.55417 -1.11451 -0.20977
v -0.56191 -1.04024 -0.11830
v -0.59528 -0.99541 -0.01428
v -0.65027 -0.98543 0.08974
v -0.72024 -1.01151 0.18121
v -0.79676 -1.07049 0.24910
v -0.87059 -1.15527 0.28523
v -0.93283 -1.25562 0.28523
v -0.97597 -1.35943 0.24910
v -0.99481 -1.45418 0.18121
v -0.98708 -1.52846 0.08974
v -0.84910 -1.63130 0.02854
v -0.79344 -1.63572 -0.07550
v -0.72646 -1.60278 -0.16699
v -0.65624 -1.53644 -0.23490
v -0.59125 -1.44471 -0.27104
v -0.53934 -1.33865 -0.27104
v -0.50676 -1.23106 -0.23490
v -0.49744 -1.13491 -0.16699
v -0.51250 -1.06180 -0.07550
v -0.55014 -1.02055 0.02854
v -0.60580 -1.01613 0.13259
v -0.67278 -1.04908 0.22408
v -0.74300 -1.11542 0.29199
v -0.80799 -1.20715 0.32812
v -0.85990 -1.31320 0.32812
v -0.89248 -1.42079 0.29199
v -0.90181 -1.51694 0.22408
v -0.88674 -1.59005 0.13259
v -0.73931 -1.67857 0.07116
v -0.68379 -1.67731 -0.03305
v -0.62070 -1.63775 -0.12469
v -0.55765 -1.56466 -0.19271
v -0.50224 -1.46687 -0.22890
v -0.46115 -1.35617 -0.22890
v -0.43935 -1.24591 -0.19271
v -0.43946 -1.14938 -0.12469
v -0.46146 -1.07824 -0.03305
v -0.50271 -1.04106 0.07116
v -0.55823 -1.04233 0.17537
v -0.62132 -1.08189 0.26700
v -0.68437 -1.15497 0.33502
v -0.73978 -1.25276 0.37121
v -0.78086 -1.36347 0.37121
v -0.80267 -1.47373 0.33502
v -0.80256 -1.57025 0.26700
v -0.78056 -1.64139 0.17537
v -0.62552 -1.71462 0.11325
v -0.57100 -1.70769 0.00874
v -0.51268 -1.66192 -0.08317
v -0.45759 -1.58283 -0.15138
v -0.41238 -1.47996 -0.18768
v -0.38251 -1.36572 -0.18768
v -0.37157 -1.25389 -0.15138
v -0.38088 -1.15795 -0.08317
v -0.40933 -1.08949 0.00874
v -0.45347 -1.05675 0.11325
v -0.50799 -1.06369 0.21776
v -0.56632 -1.10946 0.30966
v -0.62140 -1.18855 0.37788
v -0.66661 -1.29142 0.41417
v -0.69649 -1.40566 0.41417
v -0.70743 -1.51749 0.37788
v -0.69811 -1.61342 0.30966
v -0.66967 -1.68189 0.21776
v -0.50900 -1.73915 0.15451
v -0.45632 -1.72671 0.04956
v -0.40360 -1.67526 -0.04272
v -0.35719 -1.59102 -0.11122
v -0.32270 -1.48413 -0.14766
v -0.30428 -1.36749 -0.14766
v -0.30415 -1.25518 -0.11122
v -0.32234 -1.16073 -0.04272
v -0.35664 -1.09554 0.04956
v -0.40293 -1.06747 0.15451
v -0.45561 -1.07991 0.25945
v -0.50833 -1.13136 0.35174
v -0.55474 -1.21561 0.42024
v -0.58923 -1.32249 0.45668
v -0.60765 -1.43913 0.45668
v -0.60777 -1.55144 0.42024
v -0.58959 -1.64589 0.35174
v -0.55528 -1.71108 0.25945
v -0.39102 -1.75201 0.19464
v -0.34101 -1.73437 0.08913
v -0.29465 -1.67793 -0.00365
v -0.25753 -1.58947 -0.07251
v -0.23414 -1.47969 -0.10915
v -0.22729 -1.36180 -0.10915
v -0.23782 -1.25005 -0.07251
v -0.26444 -1.15789 -0.00365
v -0.30395 -1.09646 0.08913
v -0.35158 -1.07315 0.19464
v -0.40160 -1.09078 0.30014
v -0.44796 -1.14723 0.39292
v -0.48507 -1.23568 0.46178
v -0.50846 -1.34547 0.49842
v -0.51531 -1.46335 0.49842
v -0.50479 -1.57511 0.46178
v -0.47817 -1.66726 0.39292
v -0.43865 -1.72870 0.30014
v -0.27286 -1.75322 0.23333
v -0.22629 -1.73084 0.12716
v -0.18697 -1.67019 0.03378
v -0.15965 -1.57857 -0.03552
v -0.14762 -1.46704 -0.07239
v -0.15232 -1.34906 -0.07239
v -0.17320 -1.23884 -0.03552
v -0.20774 -1.14969 0.03378
v -0.25176 -1.09236 0.12716
v -0.29996 -1.07376 0.23333
v -0.34653 -1.09614 0.33951
v -0.38585 -1.15680 0.43288
v -0.41317 -1.24841 0.50218
v -0.42520 -1.35994 0.53906
v -0.42050 -1.47793 0.53906
v -0.39962 -1.58814 0.50218
v -0.36508 -1.67729 0.43288
v -0.32106 -1.73462 0.33951
v -0.15577 -1.74298 0.27032
v -0.11336 -1.71644 0.16336
v -0.08166 -1.65248 0.06931
v -0.06449 -1.55880 -0.00050
v -0.06394 -1.44672 -0.03765
v -0.08005 -1.32974 -0.03765
v -0.11090 -1.22198 -0.00050
v -0.15276 -1.13644 0.06931
v -0.20057 -1.08343 0.16336
v -0.24858 -1.06935 0.27032
v -0.29100 -1.09589 0.37728
v -0.32270 -1.15986 0.47133
v -0.33986 -1.25353 0.54114
v -0.34042 -1.36562 0.57829
v -0.32430 -1.48259 0.57829
v -0.29345 -1.59035 0.54114
v -0.25159 -1.67589 0.47133
v -0.20378 -1.72890 0.37728
v -0.04095 -1.72164 0.30532
v -0.00332 -1.69164 0.19750
v 0.02031 -1.62535 0.10268
v 0.02707 -1.53078 0.03230
v 0.01617 -1.41932 -0.00515
v -0.01110 -1.30443 -0.00515
v -0.05143 -1.19997 0.03230
v -0.09997 -1.11852 0.10268
v -0.15086 -1.06991 0.19750
v -0.19797 -1.06002 0.30532
v -0.23560 -1.09002 0.41315
v -0.25922 -1.15631 0.50797
v -0.26599 -1.25088 0.57835
v -0.25508 -1.36234 0.61580
v -0.22782 -1.47723 0.61580
v -0.18748 -1.58170 0.57835
v -0.13894 -1.66314 0.50797
v -0.08805 -1.71175 0.41315
v 0.07046 -1.68969 0.33809
v 0.10279 -1.65702 0.22932
v 0.11802 -1.58948 0.13367
v 0.11429 -1.49520 0.06267
v 0.09207 -1.38555 0.02490
v 0.05403 -1.27376 0.02490
v 0.00476 -1.17332 0.06267
v -0.04980 -1.09634 0.13367
v -0.10306 -1.05210 0.22932
v -0.14861 -1.04594 0.33809
v -0.18094 -1.07860 0.44686
v -0.19617 -1.14615 0.54251
v -0.19244 -1.24043 0.61350
v -0.17022 -1.35008 0.65128
v -0.13218 -1.46186 0.65128
v -0.08291 -1.56230 0.61350
v -0.02835 -1.63929 0.54251
v 0.02491 -1.68353 0.44686
v 0.17741 -1.64774 0.36837
v 0.20404 -1.61331 0.25860
v 0.21068 -1.54563 0.16208
v 0.19651 -1.45284 0.09043
v 0.16324 -1.34615 0.05231
v 0.11490 -1.23842 0.05231
v 0.05731 -1.14264 0.09043
v -0.00259 -1.07037 0.16208
v -0.05756 -1.03033 0.25860
v -0.10099 -1.02734 0.36837
v -0.12762 -1.06177 0.47814
v -0.13426 -1.12946 0.57466
v -0.12009 -1.22224 0.64631
v -0.08682 -1.32894 0.68443
v -0.03848 -1.43667 0.68443
v 0.01911 -1.53244 0.64631
v 0.07901 -1.60471 0.57466
v 0.13399 -1.64475 0.47814
v 0.27896 -1.59655 0.39595
v 0.29962 -1.56133 0.28516
v 0.29762 -1.49464 0.18773
v 0.27319 -1.40455 0.11541
v 0.22929 -1.30191 0.07693
v 0.17120 -1.19910 0.07693
v 0.10594 -1.10853 0.11541
v 0.04137 -1.04112 0.18773
v -0.01471 -1.00500 0.28516
v -0.05555 -1.00452 0.39595
v -0.07621 -1.03974 0.50674
v -0.07421 -1.10643 0.60417
v -0.04979 -1.19652 0.67649
v -0.00588 -1.29916 0.71497
v 0.05220 -1.40197 0.71497
v 0.11747 -1.49254 0.67649
v 0.18203 -1.55995 0.60417
v 0.23812 -1.59608 0.50674
v 0.37427 -1.53697 0.42063
v 0.38883 -1.50196 0.30880
v 0.37830 -1.43744 0.21046
v 0.34395 -1.35121 0.13747
v 0.28991 -1.25367 0.09864
v 0.22272 -1.15657 0.09864
v 0.15046 -1.07163 0.13747
v 0.08187 -1.00910 0.21046
v 0.02520 -0.97652 0.30880
v -0.01270 -0.97781 0.42063
v -0.02726 -1.01282 0.53245
v -0.01673 -1.07734 0.63079
v 0.01762 -1.16357 0.70378
v 0.07166 -1.26111 0.74262
v 0.13885 -1.35821 0.74262
v 0.21111 -1.44315 0.70378
v 0.27970 -1.50568 0.63079
v 0.33637 -1.53826 0.53245
v 0.46264 -1.46992 0.44222
v 0.47111 -1.43616 0.32938
v 0.45231 -1.37498 0.23016
v 0.40849 -1.29374 0.15651
v 0.34494 -1.20226 0.11732
v 0.26933 -1.11156 0.11732
v 0.19078 -1.03259 0.15651
v 0.11875 -0.97486 0.23016
v 0.06195 -0.94535 0.32938
v 0.02722 -0.94761 0.44222
v 0.01874 -0.98137 0.55505
v 0.03755 -1.04256 0.65427
v 0.08137 -1.12380 0.72792
v 0.14492 -1.21528 0.76711
v 0.22053 -1.30598 0.76711
v 0.29908 -1.38495 0.72792
v 0.37110 -1.44267 0.65427
v 0.42791 -1.47218 0.55505
v 0.54350 -1.39641 0.46056
v 0.54605 -1.36495 0.34678
v 0.51937 -1.30822 0.24672
v 0.46667 -1.23305 0.17245
v 0.39431 -1.14851 0.13293
v 0.31103 -1.06481 0.13293
v 0.22686 -0.99203 0.17245
v 0.15196 -0.93895 0.24672
v 0.09536 -0.91198 0.34678
v 0.06389 -0.91436 0.46056
v 0.06134 -0.94582 0.57435
v 0.08803 -1.00256 0.67441
v 0.14073 -1.07773 0.74867
v 0.21308 -1.16226 0.78819
v 0.29637 -1.24597 0.78819
v 0.38053 -1.31875 0.74867
v 0.45543 -1.37183 0.67441
v 0.51203 -1.39880 0.57435
v 0.61643 -1.31748 0.47553
v 0.61336 -1.28936 0.36089
v 0.57933 -1.23815 0.26007
v 0.51846 -1.17004 0.18525
v 0.43809 -1.09325 0.14543
v 0.34791 -1.01702 0.14543
v 0.25879 -0.95056 0.18525
v 0.18149 -0.90189 0.26007
v 0.12534 -0.87687 0.36089
v 0.09709 -0.87852 0.47553
v 0.10017 -0.90665 0.59017
v 0.13419 -0.95785 0.69098
v 0.19506 -1.02596 0.76581
v 0.27544 -1.10276 0.80562
v 0.36562 -1.17898 0.80562
v 0.45473 -1.24544 0.76581
v 0.53203 -1.29412 0.69098
v 0.58819 -1.31913 0.59017
v 0.68114 -1.23421 0.48701
v 0.67289 -1.21041 0.37164
v 0.63219 -1.16575 0.27019
v 0.56396 -1.10560 0.19490
v 0.47642 -1.03723 0.15483
v 0.38013 -0.96887 0.15483
v 0.28671 -0.90879 0.19490
v 0.20743 -0.86421 0.27019
v 0.15184 -0.84052 0.37164
v 0.12665 -0.84058 0.48701
v 0.13490 -0.86438 0.60237
v 0.17560 -0.90904 0.70382
v 0.24383 -0.96919 0.77912
v 0.33137 -1.03756 0.81918
v 0.42766 -1.10592 0.81918
v 0.52108 -1.16601 0.77912
v 0.60036 -1.21058 0.70382
v 0.65595 -1.23427 0.60237
v 0.73748 -1.14768 0.49491
v 0.72463 -1.12915 0.37900
v 0.67805 -1.09194 0.27708
v 0.60336 -1.04055 0.20143
v 0.50956 -0.98118 0.16117
v 0.40798 -0.92098 0.16117
v 0.31085 -0.86723 0.20143
v 0.22991 -0.82639 0.27708
v 0.17490 -0.80340 0.37900
v 0.15247 -0.80103 0.49491
v 0.16532 -0.81957 0.61082
v 0.21190 -0.85678 0.71274
v 0.28659 -0.90817 0.78840
v 0.38039 -0.96754 0.82865
v 0.48197 -1.02774 0.82865
v 0.57910 -1.08149 0.78840
v 0.66004 -1.12233 0.71274
v 0.71505 -1.14532 0.61082
v 0.78545 -1.05898 0.49918
v 0.76870 -1.04655 0.38296
v 0.71713 -1.01762 0.28075
v 0.63696 -0.97566 0.20489
v 0.53785 -0.92575 0.16453
v 0.43176 -0.87389 0.16453
v 0.33149 -0.82636 0.20489
v 0.24913 -0.78887 0.28075
v 0.19462 -0.76596 0.38296
v 0.17452 -0.76038 0.49918
v 0.19127 -0.77280 0.61541
v 0.24284 -0.80174 0.71761
v 0.32302 -0.84370 0.79348
v 0.42213 -0.89361 0.83384
v 0.52821 -0.94546 0.83384
v 0.62848 -0.99300 0.79348
v 0.71084 -1.03048 0.71761
v 0.76536 -1.05340 0.61541
v 0.82520 -0.96916 0.49980
v 0.80535 -0.96359 0.38353
v 0.74976 -0.94361 0.28128
v 0.66514 -0.91163 0.20540
v 0.56169 -0.87150 0.16502
v 0.45188 -0.82808 0.16502
v 0.34897 -0.78659 0.20540
v 0.26536 -0.75204 0.28128
v 0.21114 -0.72860 0.38353
v 0.19285 -0.71909 0.49980
v 0.21270 -0.72466 0.61606
v 0.26828 -0.74464 0.71831
v 0.35291 -0.77662 0.79420
v 0.45636 -0.81674 0.83458
v 0.56617 -0.86016 0.83458
v 0.66908 -0.90165 0.79420
v 0.75269 -0.93620 0.71831
v 0.80691 -0.95965 0.61606
v 0.85698 -0.87924 0.49674
v 0.83492 -0.88114 0.38076
v 0.77635 -0.87066 0.27876
v 0.68835 -0.84905 0.20305
v 0.58152 -0.81893 0.16277
v 0.46875 -0.78392 0.16277
v 0.36364 -0.74824 0.20305
v 0.27887 -0.71621 0.27876
v 0.22466 -0.69168 0.38076
v 0.20756 -0.67761 0.49674
v 0.22962 -0.67570 0.61273
v 0.28819 -0.68619 0.71472
v 0.37620 -0.70779 0.79043
v 0.48303 -0.73792 0.83071
v 0.59580 -0.77293 0.83071
v 0.70091 -0.80861 0.79043
v 0.78568 -0.84064 0.71472
v 0.83988 -0.86517 0.61273
v 0.88120 -0.79018 0.49004
v 0.85786 -0.80005 0.37471
v 0.79738 -0.79945 0.27329
v 0.70708 -0.78846 0.19802
v 0.59782 -0.76840 0.15796
v 0.48280 -0.74169 0.15796
v 0.37589 -0.71155 0.19802
v 0.28998 -0.68162 0.27329
v 0.23543 -0.65550 0.37471
v 0.21883 -0.63636 0.49004
v 0.24217 -0.62649 0.60537
v 0.30264 -0.62709 0.70679
v 0.39295 -0.63808 0.78206
v 0.50220 -0.65814 0.82212
v 0.61722 -0.68485 0.82212
v 0.72414 -0.71499 0.78206
v 0.81005 -0.74492 0.70679
v 0.86460 -0.77104 0.60537
v 0.89836 -0.70290 0.47975
v 0.87469 -0.72106 0.36550
v 0.81339 -0.73057 0.26503
v 0.72184 -0.73027 0.19045
v 0.61108 -0.72020 0.15077
v 0.49447 -0.70158 0.15077
v 0.38609 -0.67666 0.19045
v 0.29900 -0.64843 0.26503
v 0.24370 -0.62030 0.36550
v 0.22687 -0.59568 0.47975
v 0.25053 -0.57752 0.59400
v 0.31184 -0.56801 0.69447
v 0.40339 -0.56831 0.76904
v 0.51415 -0.57838 0.80872
v 0.63075 -0.59700 0.80872
v 0.73914 -0.62192 0.76904
v 0.82623 -0.65015 0.69447
v 0.88153 -0.67827 0.59400
v 0.90908 -0.61823 0.46593
v 0.88603 -0.64485 0.35322
v 0.82493 -0.66450 0.25411
v 0.73314 -0.67481 0.18054
v 0.62174 -0.67453 0.14140
v 0.50416 -0.66370 0.14140
v 0.39458 -0.64362 0.18054
v 0.30622 -0.61672 0.25411
v 0.24974 -0.58624 0.35322
v 0.23194 -0.55585 0.46593
v 0.25499 -0.52923 0.57864
v 0.31609 -0.50958 0.67776
v 0.40788 -0.49927 0.75132
v 0.51928 -0.49955 0.79046
v 0.63686 -0.51039 0.79046
v 0.74644 -0.53046 0.75132
v 0.83480 -0.55737 0.67776
v 0.89128 -0.58785 0.57864
v 0.91406 -0.53692 0.44870
v 0.89253 -0.57201 0.33803
v 0.83259 -0.60167 0.24071
v 0.74150 -0.62232 0.16847
v 0.63022 -0.63148 0.13003
v 0.51219 -0.62803 0.13003
v 0.40164 -0.61240 0.16847
v 0.31191 -0.58647 0.24071
v 0.25381 -0.55337 0.33803
v 0.23435 -0.51708 0.44870
v 0.25589 -0.48199 0.55937
v 0.31582 -0.45234 0.65669
v 0.40692 -0.43168 0.72893
v 0.51819 -0.42253 0.76736
v 0.63622 -0.42597 0.76736
v 0.74677 -0.44160 0.72893
v 0.83651 -0.46754 0.65669
v 0.89461 -0.50064 0.55937
v 0.91411 -0.45966 0.42817
v 0.89487 -0.50306 0.32006
v 0.83695 -0.54242 0.22498
v 0.74735 -0.57299 0.15441
v 0.63687 -0.59109 0.11687
v 0.51884 -0.59453 0.11687
v 0.40749 -0.58290 0.15441
v 0.31626 -0.55760 0.22498
v 0.25615 -0.52168 0.32006
v 0.23440 -0.47948 0.42817
v 0.25365 -0.43608 0.53629
v 0.31157 -0.39672 0.63137
v 0.40117 -0.36615 0.70193
v 0.51165 -0.34805 0.73948
v 0.62968 -0.34461 0.73948
v 0.74103 -0.35624 0.70193
v 0.83226 -0.38154 0.63137
v 0.89237 -0.41746 0.53629
v 0.91010 -0.38704 0.40451
v 0.89377 -0.43845 0.29947
v 0.83854 -0.48703 0.20710
v 0.75108 -0.52694 0.13853
v 0.64192 -0.55334 0.10205
v 0.52424 -0.56306 0.10205
v 0.41223 -0.55493 0.13853
v 0.31940 -0.52993 0.20710
v 0.25695 -0.49107 0.29947
v 0.23241 -0.44304 0.40451
v 0.24873 -0.39163 0.50955
v 0.30396 -0.34304 0.60192
v 0.39143 -0.30314 0.67048
v 0.50058 -0.27674 0.70696
v 0.61826 -0.26702 0.70696
v 0.73027 -0.27515 0.67048
v 0.82310 -0.30015 0.60192
v 0.88556 -0.33901 0.50955
v 0.90294 -0.31959 0.37787
v 0.88996 -0.37858 0.27641
v 0.83789 -0.43577 0.18719
v 0.75300 -0.48425 0.12096
v 0.64553 -0.51819 0.08572
v 0.52844 -0.53347 0.08572
v 0.41586 -0.52828 0.12096
v 0.32136 -0.50322 0.18719
v 0.25635 -0.46132 0.27641
v 0.22866 -0.40764 0.37787
v 0.24164 -0.34865 0.47934
v 0.29371 -0.29147 0.56856
v 0.37861 -0.24298 0.63479
v 0.48608 -0.20905 0.67003
v 0.60316 -0.19376 0.67003
v 0.71574 -0.19896 0.63479
v 0.81024 -0.22402 0.56856
v 0.87525 -0.26591 0.47934
v 0.89361 -0.25778 0.34847
v 0.88416 -0.32383 0.25104
v 0.83544 -0.38886 0.16537
v 0.75332 -0.44504 0.10178
v 0.64770 -0.48557 0.06794
v 0.53133 -0.50559 0.06794
v 0.41824 -0.50267 0.10178
v 0.32206 -0.47716 0.16537
v 0.25442 -0.43214 0.25104
v 0.22345 -0.37304 0.34847
v 0.23289 -0.30700 0.44589
v 0.28161 -0.24197 0.53157
v 0.36374 -0.18579 0.59516
v 0.46935 -0.14525 0.62899
v 0.58573 -0.12524 0.62899
v 0.69882 -0.12816 0.59516
v 0.79499 -0.15367 0.53157
v 0.86264 -0.19869 0.44589
v 0.88309 -0.20203 0.31651
v 0.87705 -0.27454 0.22351
v 0.83157 -0.34656 0.14173
v 0.75213 -0.40939 0.08102
v 0.64832 -0.45547 0.04873
v 0.53265 -0.47922 0.04873
v 0.41908 -0.47780 0.08102
v 0.32131 -0.45136 0.14173
v 0.25112 -0.40310 0.22351
v 0.21699 -0.33884 0.31651
v 0.22303 -0.26633 0.40951
v 0.26852 -0.19432 0.49129
v 0.34795 -0.13148 0.55199
v 0.45177 -0.08541 0.58429
v 0.56743 -0.06165 0.58429
v 0.68100 -0.06308 0.55199
v 0.77877 -0.08951 0.49129
v 0.84896 -0.13777 0.40951
v 0.87237 -0.15273 0.28222
v 0.86927 -0.23108 0.19393
v 0.82657 -0.30912 0.11629
v 0.74942 -0.37746 0.05866
v 0.64712 -0.42784 0.02799
v 0.53202 -0.45419 0.02799
v 0.41799 -0.45333 0.05866
v 0.31879 -0.42536 0.11629
v 0.24639 -0.37367 0.19393
v 0.20952 -0.30448 0.28222
v 0.21262 -0.22613 0.37051
v 0.25532 -0.14809 0.44816
v 0.33247 -0.07975 0.50579
v 0.43477 -0.02937 0.53645
v 0.54987 -0.00302 0.53645
v 0.66390 -0.00388 0.50579
v 0.76309 -0.03184 0.44816
v 0.83549 -0.08354 0.37051
v 0.86237 -0.11026 0.24587
v 0.86136 -0.19379 0.16241
v 0.82061 -0.27683 0.08903
v 0.74502 -0.34937 0.03455
v 0.64371 -0.40266 0.00557
v 0.52890 -0.43026 0.00557
v 0.41444 -0.42886 0.03455
v 0.31413 -0.39861 0.08903
v 0.24008 -0.34317 0.16241
v 0.20121 -0.26923 0.24587
v 0.20222 -0.18570 0.32932
v 0.24297 -0.10265 0.40271
v 0.31856 -0.03011 0.45718
v 0.41987 0.02317 0.48616
v 0.53468 0.05078 0.48616
v 0.64914 0.04937 0.45718
v 0.74945 0.01913 0.40271
v 0.82350 -0.03631 0.32932
v 0.85388 -0.07495 0.20771
v 0.85374 -0.16301 0.12904
v 0.81372 -0.24993 0.05986
v 0.73865 -0.32523 0.00851
v 0.63757 -0.37983 -0.01881
v 0.52269 -0.40715 -0.01881
v 0.40787 -0.40388 0.00851
v 0.30693 -0.37042 0.05986
v 0.23208 -0.31081 0.12904
v 0.19232 -0.23224 0.20771
v 0.19246 -0.14418 0.28638
v 0.23248 -0.05726 0.35556
v 0.30756 0.01804 0.40691
v 0.40863 0.07264 0.43423
v 0.52351 0.09995 0.43423
v 0.63834 0.09668 0.40691
v 0.73927 0.06323 0.35556
v 0.81412 0.00362 0.28638
v 0.84745 -0.04709 0.16802
v 0.84659 -0.13896 0.09385
v 0.80577 -0.22852 0.02862
v 0.72991 -0.30498 -0.01979
v 0.62818 -0.35910 -0.04555
v 0.51283 -0.38437 -0.04555
v 0.39779 -0.37773 -0.01979
v 0.29692 -0.33998 0.02862
v 0.22239 -0.27568 0.09385
v 0.18320 -0.19258 0.16802
v 0.18407 -0.10071 0.24220
v 0.22489 -0.01115 0.30743
v 0.30074 0.06531 0.35584
v 0.40248 0.11943 0.38160
v 0.51782 0.14470 0.38160
v 0.63287 0.13806 0.35584
v 0.73374 0.10031 0.30743
v 0.80826 0.03601 0.24220
v 0.84327 -0.02666 0.12711
v 0.83984 -0.12152 0.05687
v 0.79649 -0.21234 -0.00490
v 0.71845 -0.28817 -0.05074
v 0.61512 -0.33987 -0.07513
v 0.49898 -0.36119 -0.07513
v 0.38403 -0.34957 -0.05074
v 0.28414 -0.30641 -0.00490
v 0.21136 -0.23691 0.05687
v 0.17445 -0.14946 0.12711
v 0.17788 -0.05460 0.19735
v 0.22124 0.03622 0.25911
v 0.29928 0.11205 0.30496
v 0.40260 0.16375 0.32935
v 0.51874 0.18507 0.32935
v 0.63369 0.17345 0.30496
v 0.73358 0.13029 0.25911
v 0.80637 0.06079 0.19735
v 0.84107 -0.01318 0.08526
v 0.83321 -0.10999 0.01811
v 0.78565 -0.20051 -0.04093
v 0.70412 -0.27382 -0.08476
v 0.59845 -0.32108 -0.10808
v 0.48139 -0.33659 -0.10808
v 0.36706 -0.31847 -0.08476
v 0.26925 -0.26892 -0.04093
v 0.19976 -0.19391 0.01811
v 0.16696 -0.10248 0.08526
v 0.17482 -0.00567 0.15241
v 0.22238 0.08485 0.21146
v 0.30392 0.15816 0.25528
v 0.40959 0.20542 0.27860
v 0.52664 0.22093 0.27860
v 0.64097 0.20281 0.25528
v 0.73878 0.15326 0.21146
v 0.80828 0.07825 0.15241
v 0.84021 -0.00524 0.04279
v 0.82638 -0.10273 -0.02238
v 0.77331 -0.19129 -0.07969
v 0.68740 -0.26023 -0.12223
v 0.57901 -0.30124 -0.14486
v 0.46121 -0.30937 -0.14486
v 0.34821 -0.28364 -0.12223
v 0.25364 -0.22715 -0.07969
v 0.18891 -0.14673 -0.02238
v 0.16182 -0.05206 0.04279
v 0.17565 0.04544 0.10796
v 0.22872 0.13399 0.16527
v 0.31463 0.20293 0.20781
v 0.42302 0.24394 0.23044
v 0.54082 0.25207 0.23044
v 0.65382 0.22634 0.20781
v 0.74839 0.16985 0.16527
v 0.81312 0.08943 0.10796
v 0.84000 -0.00042 0.00000
v 0.81937 -0.09716 -0.06450
v 0.76023 -0.18217 -0.12123
v 0.66969 -0.24521 -0.16333
v 0.55869 -0.27867 -0.18573
v 0.44061 -0.27852 -0.18573
v 0.32969 -0.24478 -0.16333
v 0.23932 -0.18152 -0.12123
v 0.18038 -0.09636 -0.06450
v 0.16000 0.00042 0.00000
v 0.18063 0.09716 0.06450
v 0.23977 0.18217 0.12123
v 0.33031 0.24521 0.16333
v 0.44131 0.27867 0.18573
v 0.55939 0.27852 0.18573
v 0.67031 0.24478 0.16333
v 0.76068 0.18152 0.12123
v 0.81962 0.09636 0.06450
v 0.84015 0.00444 -0.04279
v 0.81285 -0.09013 -0.10801
v 0.74793 -0.17038 -0.16536
v 0.65323 -0.22662 -0.20793
v 0.54017 -0.25207 -0.23058
v 0.42239 -0.24366 -0.23058
v 0.31409 -0.20241 -0.20793
v 0.22834 -0.13329 -0.16536
v 0.17548 -0.04463 -0.10801
v 0.16188 0.05286 -0.04279
v 0.18919 0.14743 0.02243
v 0.25411 0.22768 0.07978
v 0.34881 0.28392 0.12235
v 0.46186 0.30937 0.14500
v 0.57964 0.30096 0.14500
v 0.68794 0.25971 0.12235
v 0.77369 0.19059 0.07978
v 0.82656 0.10193 0.02243
v 0.84098 0.01251 -0.08526
v 0.80801 -0.07879 -0.15250
v 0.73838 -0.15361 -0.21163
v 0.64048 -0.20292 -0.25551
v 0.52611 -0.22079 -0.27887
v 0.40909 -0.20505 -0.27887
v 0.30351 -0.15760 -0.25551
v 0.22212 -0.08417 -0.21163
v 0.17472 0.00639 -0.15250
v 0.16705 0.10315 -0.08526
v 0.20002 0.19445 -0.01802
v 0.26965 0.26927 0.04110
v 0.36756 0.31859 0.08499
v 0.48192 0.33645 0.10834
v 0.59895 0.32071 0.10834
v 0.70452 0.27326 0.08499
v 0.78592 0.19983 0.04110
v 0.83331 0.10927 -0.01802
v 0.84318 0.02617 -0.12711
v 0.80617 -0.06113 -0.19747
v 0.73329 -0.13044 -0.25935
v 0.63335 -0.17339 -0.30528
v 0.51839 -0.18481 -0.32971
v 0.40228 -0.16332 -0.32971
v 0.29903 -0.11151 -0.30528
v 0.22109 -0.03562 -0.25935
v 0.17785 0.05518 -0.19747
v 0.17454 0.14995 -0.12711
v 0.21156 0.23725 -0.05675
v 0.28443 0.30656 0.00513
v 0.38437 0.34952 0.05106
v 0.49933 0.36094 0.07549
v 0.61544 0.33944 0.07549
v 0.71869 0.28763 0.05106
v 0.79664 0.21175 0.00513
v 0.83987 0.12094 -0.05675
v 0.84739 0.04679 -0.16802
v 0.80815 -0.03615 -0.24235
v 0.73359 -0.10028 -0.30771
v 0.63271 -0.13786 -0.35622
v 0.51766 -0.14435 -0.38203
v 0.40234 -0.11898 -0.38203
v 0.30065 -0.06481 -0.35622
v 0.22484 0.01163 -0.30771
v 0.18408 0.10113 -0.24235
v 0.18327 0.19288 -0.16802
v 0.22251 0.27582 -0.09370
v 0.29707 0.33995 -0.02834
v 0.39795 0.37753 0.02017
v 0.51299 0.38402 0.04598
v 0.62832 0.35865 0.04598
v 0.73001 0.30448 0.02017
v 0.80581 0.22803 -0.02834
v 0.84658 0.13854 -0.09370
v 0.85385 0.07484 -0.20771
v 0.81411 -0.00357 -0.28654
v 0.73926 -0.06302 -0.35587
v 0.63834 -0.09635 -0.40732
v 0.52352 -0.09953 -0.43470
v 0.40865 -0.07218 -0.43470
v 0.30759 -0.01760 -0.40732
v 0.23251 0.05763 -0.35587
v 0.19249 0.14444 -0.28654
v 0.19235 0.23235 -0.20771
v 0.23209 0.31076 -0.12887
v 0.30694 0.37022 -0.05955
v 0.40786 0.40354 -0.00809
v 0.52268 0.40672 0.01929
v 0.63755 0.37937 0.01929
v 0.73861 0.32479 -0.00809
v 0.81369 0.24956 -0.05955
v 0.85371 0.16275 -0.12887
v 0.86238 0.11031 -0.24587
v 0.82357 0.03653 -0.32949
v 0.74956 -0.01877 -0.40303
v 0.64929 -0.04892 -0.45761
v 0.53484 -0.05029 -0.48665
v 0.42003 -0.02270 -0.48665
v 0.31869 0.03051 -0.45761
v 0.24306 0.10292 -0.40303
v 0.20226 0.18581 -0.32949
v 0.20120 0.26917 -0.24587
v 0.24001 0.34295 -0.16224
v 0.31402 0.39826 -0.08871
v 0.41430 0.42841 -0.03412
v 0.52874 0.42977 -0.00508
v 0.64355 0.40219 -0.00508
v 0.74489 0.34898 -0.03412
v 0.82052 0.27656 -0.08871
v 0.86132 0.19367 -0.16224
v 0.87241 0.15293 -0.28222
v 0.83563 0.08391 -0.37068
v 0.76329 0.03234 -0.44847
v 0.66414 0.00444 -0.50621
v 0.55013 0.00358 -0.53693
v 0.43501 0.02986 -0.53693
v 0.33267 0.08011 -0.50621
v 0.25545 0.14827 -0.44847
v 0.21266 0.22613 -0.37068
v 0.20947 0.30428 -0.28222
v 0.24626 0.37330 -0.19376
v 0.31859 0.42487 -0.11597
v 0.41774 0.45277 -0.05823
v 0.53175 0.45363 -0.02751
v 0.64687 0.42735 -0.02751
v 0.74922 0.37710 -0.05823
v 0.82644 0.30894 -0.11597
v 0.86922 0.23108 -0.19376
v 0.88316 0.20236 -0.31651
v 0.84913 0.13827 -0.40967
v 0.77903 0.09013 -0.49159
v 0.68131 0.06374 -0.55239
v 0.56776 0.06227 -0.58475
v 0.45207 0.08592 -0.58475
v 0.34820 0.13182 -0.55239
v 0.26867 0.19444 -0.49159
v 0.22308 0.26622 -0.40967
v 0.21693 0.33852 -0.31651
v 0.25095 0.40260 -0.22335
v 0.32105 0.45074 -0.14142
v 0.41877 0.47714 -0.08062
v 0.53232 0.47860 -0.04826
v 0.64801 0.45496 -0.04826
v 0.75189 0.40906 -0.08062
v 0.83141 0.34644 -0.14142
v 0.87700 0.27465 -0.22335
v 0.89368 0.25822 -0.34847
v 0.86283 0.19930 -0.44604
v 0.79527 0.15440 -0.53185
v 0.69916 0.12891 -0.59553
v 0.58608 0.12592 -0.62942
v 0.46968 0.14579 -0.62942
v 0.36400 0.18611 -0.59553
v 0.28178 0.24203 -0.53185
v 0.23294 0.30680 -0.44604
v 0.22337 0.37261 -0.34847
v 0.25423 0.43152 -0.25090
v 0.32178 0.47643 -0.16509
v 0.41790 0.50192 -0.10140
v 0.53097 0.50491 -0.06752
v 0.64737 0.48504 -0.06752
v 0.75305 0.44472 -0.10140
v 0.83527 0.38880 -0.16509
v 0.88411 0.32403 -0.25090
v 0.90301 0.32012 -0.37787
v 0.87543 0.26663 -0.47947
v 0.81051 0.22484 -0.56881
v 0.71608 0.19979 -0.63513
v 0.60351 0.19450 -0.67041
v 0.48640 0.20961 -0.67041
v 0.37887 0.24329 -0.63513
v 0.29388 0.29149 -0.56881
v 0.24169 0.34839 -0.47947
v 0.22860 0.40712 -0.37787
v 0.25617 0.46061 -0.27628
v 0.32109 0.50240 -0.18694
v 0.41553 0.52744 -0.12062
v 0.52809 0.53273 -0.08534
v 0.64520 0.51763 -0.08534
v 0.75273 0.48394 -0.12062
v 0.83772 0.43575 -0.18694
v 0.88991 0.37885 -0.27628
v 0.91015 0.38764 -0.40451
v 0.88571 0.33981 -0.50967
v 0.82334 0.30106 -0.60214
v 0.73057 0.27605 -0.67078
v 0.61858 0.26780 -0.70730
v 0.50089 0.27732 -0.70730
v 0.39168 0.30345 -0.67078
v 0.30413 0.34303 -0.60214
v 0.24880 0.39130 -0.50967
v 0.23236 0.44244 -0.40451
v 0.25680 0.49027 -0.29935
v 0.31916 0.52902 -0.20688
v 0.41193 0.55403 -0.13824
v 0.52392 0.56227 -0.10172
v 0.64162 0.55276 -0.10172
v 0.75083 0.52663 -0.13824
v 0.83838 0.48705 -0.20688
v 0.89371 0.43878 -0.29935
v 0.91413 0.46033 -0.42817
v 0.89248 0.41833 -0.53639
v 0.83244 0.38251 -0.63155
v 0.74127 0.35720 -0.70218
v 0.62995 0.34543 -0.73977
v 0.51191 0.34864 -0.73977
v 0.40139 0.36644 -0.70218
v 0.31173 0.39667 -0.63155
v 0.25372 0.43570 -0.53639
v 0.23438 0.47881 -0.42817
v 0.25604 0.52081 -0.31996
v 0.31607 0.55662 -0.22480
v 0.40725 0.58194 -0.15417
v 0.51857 0.59370 -0.11658
v 0.63661 0.59050 -0.11658
v 0.74713 0.57270 -0.15417
v 0.83679 0.54247 -0.22480
v 0.89479 0.50344 -0.31996
v 0.91404 0.53765 -0.44870
v 0.89466 0.50157 -0.55945
v 0.83662 0.46856 -0.65684
v 0.74693 0.44260 -0.72913
v 0.63642 0.42682 -0.76759
v 0.51839 0.42313 -0.76759
v 0.40710 0.43196 -0.72913
v 0.31597 0.45225 -0.65684
v 0.25598 0.48157 -0.55945
v 0.23437 0.51636 -0.44870
v 0.25376 0.55244 -0.33795
v 0.31180 0.58545 -0.24056
v 0.40148 0.61141 -0.16827
v 0.51200 0.62719 -0.12980
v 0.63002 0.63088 -0.12980
v 0.74131 0.62205 -0.16827
v 0.83245 0.60175 -0.24056
v 0.89244 0.57244 -0.33795
v 0.90901 0.61900 -0.46593
v 0.89126 0.58882 -0.57870
v 0.83483 0.55843 -0.67787
v 0.74651 0.53148 -0.75148
v 0.63697 0.51124 -0.79064
v 0.51941 0.50014 -0.79064
v 0.40802 0.49953 -0.75148
v 0.31622 0.50946 -0.67787
v 0.25510 0.52876 -0.57870
v 0.23202 0.55508 -0.46593
v 0.24976 0.58526 -0.35316
v 0.30620 0.61566 -0.25399
v 0.39451 0.64260 -0.18039
v 0.50405 0.66284 -0.14122
v 0.62161 0.67394 -0.14122
v 0.73300 0.67456 -0.18039
v 0.82480 0.66462 -0.25399
v 0.88592 0.64532 -0.35316
v 0.89823 0.70371 -0.47975
v 0.88142 0.67927 -0.59404
v 0.82616 0.65123 -0.69455
v 0.73910 0.62295 -0.76915
v 0.63077 0.59784 -0.80885
v 0.51421 0.57894 -0.80885
v 0.40349 0.56853 -0.76915
v 0.31196 0.56786 -0.69455
v 0.25066 0.57701 -0.59404
v 0.22700 0.59487 -0.47975
v 0.24381 0.61931 -0.36545
v 0.29907 0.64735 -0.26494
v 0.38612 0.67563 -0.19034
v 0.49446 0.70074 -0.15064
v 0.61102 0.71964 -0.15064
v 0.72174 0.73005 -0.19034
v 0.81327 0.73072 -0.26494
v 0.87456 0.72157 -0.36545
v 0.88101 0.79101 -0.49004
v 0.86440 0.77205 -0.60540
v 0.80987 0.74600 -0.70685
v 0.72400 0.71600 -0.78214
v 0.61714 0.68567 -0.82220
v 0.50219 0.65867 -0.82220
v 0.39300 0.63826 -0.78214
v 0.30276 0.62689 -0.70685
v 0.24233 0.62595 -0.60540
v 0.21902 0.63553 -0.49004
v 0.23563 0.65449 -0.37468
v 0.29016 0.68054 -0.27324
v 0.37603 0.71054 -0.19794
v 0.48288 0.74087 -0.15788
v 0.59784 0.76787 -0.15788
v 0.70702 0.78828 -0.19794
v 0.79727 0.79965 -0.27324
v 0.85769 0.80060 -0.37468
v 0.85672 0.88008 -0.49674
v 0.83959 0.86618 -0.61274
v 0.78539 0.84170 -0.71475
v 0.70066 0.80959 -0.79047
v 0.59562 0.77371 -0.83075
v 0.48294 0.73841 -0.83075
v 0.37621 0.70793 -0.79047
v 0.28831 0.68595 -0.71475
v 0.22983 0.67513 -0.61274
v 0.20783 0.67677 -0.49674
v 0.22496 0.69066 -0.38074
v 0.27916 0.71515 -0.27873
v 0.36389 0.74726 -0.20301
v 0.46893 0.78314 -0.16273
v 0.58160 0.81844 -0.16273
v 0.68833 0.84892 -0.20301
v 0.77624 0.87089 -0.27873
v 0.83472 0.88172 -0.38074
v 0.82486 0.97001 -0.49980
v 0.80652 0.96065 -0.61607
v 0.75229 0.93723 -0.71831
v 0.66873 0.90259 -0.79421
v 0.56590 0.86089 -0.83459
v 0.45621 0.81717 -0.83459
v 0.35289 0.77670 -0.79421
v 0.26840 0.74436 -0.71831
v 0.21294 0.72406 -0.61607
v 0.19319 0.71824 -0.49980
v 0.21153 0.72760 -0.38352
v 0.26575 0.75101 -0.28128
v 0.34932 0.78566 -0.20539
v 0.45215 0.82736 -0.16501
v 0.56184 0.87108 -0.16501
v 0.66516 0.91154 -0.20539
v 0.74964 0.94388 -0.28128
v 0.80511 0.96419 -0.38352
v 0.78504 1.05983 -0.49918
v 0.76487 1.05437 -0.61540
v 0.71034 1.03146 -0.71760
v 0.62803 0.99387 -0.79346
v 0.52786 0.94612 -0.83382
v 0.42192 0.89397 -0.83382
v 0.32298 0.84372 -0.79346
v 0.24298 0.80142 -0.71760
v 0.19156 0.77218 -0.61540
v 0.17494 0.75953 -0.49918
v 0.19511 0.76499 -0.38297
v 0.24964 0.78789 -0.28077
v 0.33195 0.82549 -0.20491
v 0.43212 0.87324 -0.16455
v 0.53806 0.92539 -0.16455
v 0.63700 0.97564 -0.20491
v 0.71700 1.01793 -0.28077
v 0.76841 1.04717 -0.38297
v 0.73698 1.14852 -0.49491
v 0.71446 1.14625 -0.61080
v 0.65944 1.12325 -0.71271
v 0.57855 1.08229 -0.78836
v 0.48154 1.02831 -0.82861
v 0.38013 0.96782 -0.82861
v 0.28654 0.90813 -0.78836
v 0.21205 0.85642 -0.71271
v 0.16567 0.81894 -0.61080
v 0.15297 0.80020 -0.49491
v 0.17549 0.80247 -0.37902
v 0.23051 0.82547 -0.27711
v 0.31140 0.86643 -0.20146
v 0.40841 0.92041 -0.16122
v 0.50982 0.98089 -0.16122
v 0.60341 1.04059 -0.20146
v 0.67790 1.09230 -0.27711
v 0.72428 1.12978 -0.37902
v 0.68056 1.23502 -0.48701
v 0.65527 1.23515 -0.60235
v 0.59966 1.21143 -0.70378
v 0.52044 1.16671 -0.77906
v 0.42716 1.10640 -0.81912
v 0.33108 1.03777 -0.81912
v 0.24377 0.96909 -0.77906
v 0.17578 0.90865 -0.70378
v 0.13531 0.86374 -0.60235
v 0.12723 0.83977 -0.48701
v 0.15252 0.83964 -0.37167
v 0.20813 0.86337 -0.27024
v 0.28735 0.90808 -0.19495
v 0.38063 0.96839 -0.15490
v 0.47672 1.03703 -0.15490
v 0.56402 1.10570 -0.19495
v 0.63201 1.16614 -0.27024
v 0.67248 1.21106 -0.37167
v 0.61578 1.31826 -0.47553
v 0.58742 1.31995 -0.59014
v 0.53125 1.29487 -0.69093
v 0.45402 1.24605 -0.76574
v 0.36507 1.17937 -0.80554
v 0.27512 1.10288 -0.80554
v 0.19501 1.02579 -0.76574
v 0.13441 0.95742 -0.69093
v 0.10064 0.90601 -0.59014
v 0.09775 0.87775 -0.47553
v 0.12610 0.87606 -0.36091
v 0.18228 0.90113 -0.26013
v 0.25950 0.94996 -0.18532
v 0.34845 1.01664 -0.14551
v 0.43841 1.09313 -0.14551
v 0.51851 1.17021 -0.18532
v 0.57911 1.23858 -0.26013
v 0.61289 1.29000 -0.36091
v 0.54277 1.39714 -0.46056
v 0.51118 1.39954 -0.57431
v 0.45457 1.37249 -0.67435
v 0.37976 1.31925 -0.74859
v 0.29578 1.24625 -0.78810
v 0.21275 1.16229 -0.78810
v 0.14069 1.07750 -0.74859
v 0.08830 1.00210 -0.67435
v 0.06188 0.94519 -0.57431
v 0.06463 0.91363 -0.46056
v 0.09621 0.91124 -0.34681
v 0.15282 0.93829 -0.24678
v 0.22763 0.99152 -0.17253
v 0.31162 1.06452 -0.13302
v 0.39464 1.14848 -0.13302
v 0.46670 1.23328 -0.17253
v 0.51910 1.30868 -0.24678
v 0.54552 1.36559 -0.34681
v 0.46183 1.47060 -0.44222
v 0.42698 1.47284 -0.55502
v 0.37017 1.44323 -0.65421
v 0.29826 1.38534 -0.72783
v 0.21992 1.30615 -0.76701
v 0.14459 1.21522 -0.76701
v 0.08136 1.12351 -0.72783
v 0.03787 1.04208 -0.65421
v 0.01934 0.98076 -0.55502
v 0.02803 0.94694 -0.44222
v 0.06288 0.94470 -0.32942
v 0.11968 0.97431 -0.23022
v 0.19159 1.03220 -0.15660
v 0.26994 1.11138 -0.11742
v 0.34527 1.20232 -0.11742
v 0.40849 1.29403 -0.15660
v 0.45199 1.37545 -0.23022
v 0.47051 1.43678 -0.32942
v 0.37338 1.53758 -0.42063
v 0.33537 1.53882 -0.53242
v 0.27872 1.50612 -0.63072
v 0.21026 1.44342 -0.70369
v 0.13824 1.35828 -0.74251
v 0.07135 1.26097 -0.74251
v 0.01766 1.16323 -0.70369
v -0.01635 1.07685 -0.63072
v -0.02659 1.01224 -0.53242
v -0.01181 0.97720 -0.42063
v 0.02620 0.97596 -0.30884
v 0.08285 1.00866 -0.21053
v 0.15131 1.07136 -0.13756
v 0.22333 1.15650 -0.09874
v 0.29022 1.25381 -0.09874
v 0.34391 1.35155 -0.13756
v 0.37792 1.43793 -0.21053
v 0.38816 1.50254 -0.30884
v 0.27800 1.59709 -0.39595
v 0.23707 1.59654 -0.50671
v 0.18101 1.56028 -0.60411
v 0.11660 1.49270 -0.67640
v 0.05159 1.40193 -0.71486
v -0.00616 1.29894 -0.71486
v -0.04970 1.19614 -0.67640
v -0.07377 1.10593 -0.60411
v -0.07547 1.03920 -0.50671
v -0.05460 1.00398 -0.39595
v -0.01366 1.00454 -0.28519
v 0.04239 1.04079 -0.18780
v 0.10681 1.10837 -0.11550
v 0.17181 1.19914 -0.07704
v 0.22957 1.30213 -0.07704
v 0.27311 1.40493 -0.11550
v 0.29718 1.49514 -0.18780
v 0.29888 1.56187 -0.28519
v 0.17640 1.64819 -0.36837
v 0.13289 1.64510 -0.47810
v 0.07796 1.60492 -0.57460
v 0.01824 1.53248 -0.64622
v -0.03907 1.43654 -0.68433
v -0.08706 1.32865 -0.68433
v -0.11994 1.22183 -0.64622
v -0.13375 1.12897 -0.57460
v -0.12682 1.06127 -0.47810
v -0.09998 1.02689 -0.36837
v -0.05647 1.02998 -0.25864
v -0.00154 1.07016 -0.16215
v 0.05818 1.14260 -0.09052
v 0.11549 1.23855 -0.05242
v 0.16348 1.34644 -0.05242
v 0.19636 1.45325 -0.09052
v 0.21017 1.54611 -0.16215
v 0.20324 1.61381 -0.25864
v 0.06939 1.69005 -0.33809
v 0.02378 1.68376 -0.44682
v -0.02941 1.63937 -0.54244
v -0.08377 1.56223 -0.61341
v -0.13273 1.46163 -0.65118
v -0.17040 1.34972 -0.65118
v -0.19224 1.24000 -0.61341
v -0.19559 1.14568 -0.54244
v -0.18007 1.07816 -0.44682
v -0.14754 1.04558 -0.33809
v -0.10193 1.05186 -0.22935
v -0.04874 1.09625 -0.13373
v 0.00562 1.17340 -0.06276
v 0.05458 1.27399 -0.02500
v 0.09225 1.38590 -0.02500
v 0.11408 1.49563 -0.06276
v 0.11744 1.58994 -0.13373
v 0.10192 1.65746 -0.22935
v -0.04206 1.72190 -0.30532
v -0.08920 1.71187 -0.41312
v -0.14000 1.66311 -0.50791
v -0.18832 1.58151 -0.57827
v -0.22833 1.47692 -0.61571
v -0.25521 1.36193 -0.61571
v -0.26572 1.25044 -0.57827
v -0.25858 1.15588 -0.50791
v -0.23467 1.08965 -0.41312
v -0.19686 1.05976 -0.30532
v -0.14971 1.06979 -0.19753
v -0.09892 1.11855 -0.10274
v -0.05060 1.20015 -0.03238
v -0.01059 1.30475 0.00506
v 0.01629 1.41973 0.00506
v 0.02680 1.53122 -0.03238
v 0.01967 1.62578 -0.10274
v -0.00425 1.69201 -0.19753
v -0.15691 1.74314 -0.27032
v -0.20494 1.72890 -0.37725
v -0.25263 1.67574 -0.47128
v -0.29424 1.59006 -0.54107
v -0.32475 1.48220 -0.57821
v -0.34047 1.36517 -0.57821
v -0.33951 1.25309 -0.54107
v -0.32199 1.15947 -0.47128
v -0.29001 1.09560 -0.37725
v -0.24744 1.06919 -0.27032
v -0.19942 1.08343 -0.16339
v -0.15172 1.13659 -0.06936
v -0.11011 1.22227 0.00043
v -0.07960 1.33013 0.03757
v -0.06388 1.44716 0.03757
v -0.06484 1.55924 0.00043
v -0.08236 1.65287 -0.06936
v -0.11434 1.71673 -0.16339
v -0.27402 1.75327 -0.23333
v -0.32221 1.73450 -0.33949
v -0.36609 1.67703 -0.43283
v -0.40036 1.58776 -0.50212
v -0.42088 1.47747 -0.53899
v -0.42518 1.35947 -0.53899
v -0.41275 1.24799 -0.50212
v -0.38508 1.15646 -0.43283
v -0.34550 1.09594 -0.33949
v -0.29880 1.07372 -0.23333
v -0.25061 1.09248 -0.12718
v -0.20673 1.14996 -0.03383
v -0.17246 1.23922 0.03545
v -0.15194 1.34951 0.07232
v -0.14764 1.46751 0.07232
v -0.16007 1.57900 0.03545
v -0.18774 1.67052 -0.03383
v -0.22732 1.73104 -0.12718
v -0.39219 1.75194 -0.19464
v -0.43979 1.72846 -0.30012
v -0.47913 1.66689 -0.39287
v -0.50546 1.57464 -0.46172
v -0.51562 1.46285 -0.49836
v -0.50836 1.34499 -0.49836
v -0.48458 1.23528 -0.46172
v -0.44713 1.14696 -0.39287
v -0.40053 1.09068 -0.30012
v -0.35041 1.07322 -0.19464
v -0.30281 1.09669 -0.08915
v -0.26347 1.15827 0.00360
v -0.23714 1.25051 0.07245
v -0.22699 1.36231 0.10909
v -0.23424 1.48017 0.10909
v -0.25803 1.58987 0.07245
v -0.29547 1.67819 0.00360
v -0.34207 1.73448 -0.08915
v -0.51016 1.73896 -0.15451
v -0.55638 1.71073 -0.25943
v -0.59049 1.64542 -0.35171
v -0.60838 1.55090 -0.42019
v -0.60788 1.43859 -0.45663
v -0.58905 1.32202 -0.45663
v -0.55418 1.21525 -0.42019
v -0.50745 1.13117 -0.35171
v -0.45452 1.07991 -0.25943
v -0.40176 1.06766 -0.15451
v -0.35554 1.09589 -0.04958
v -0.32143 1.16121 0.04269
v -0.30355 1.25572 0.11117
v -0.30405 1.36804 0.14761
v -0.32287 1.48461 0.14761
v -0.35775 1.59137 0.11117
v -0.40447 1.67545 0.04269
v -0.45740 1.72671 -0.04958
v -0.62667 1.71432 -0.11325
v -0.67072 1.68142 -0.21775
v -0.69895 1.61285 -0.30964
v -0.70795 1.51688 -0.37784
v -0.69663 1.40509 -0.41414
v -0.66636 1.29096 -0.41414
v -0.62078 1.18825 -0.37784
v -0.56540 1.10935 -0.30964
v -0.50690 1.06379 -0.21775
v -0.45233 1.05705 -0.11325
v -0.40827 1.08995 -0.00875
v -0.38004 1.15852 0.08314
v -0.37104 1.25449 0.15135
v -0.38236 1.36628 0.18764
v -0.41264 1.48042 0.18764
v -0.45821 1.58313 0.15135
v -0.51359 1.66202 0.08314
v -0.57209 1.70758 -0.00875
v -0.74042 1.67816 -0.07116
v -0.78155 1.64083 -0.17536
v -0.80332 1.56961 -0.26699
v -0.80310 1.47308 -0.33500
v -0.78092 1.36289 -0.37119
v -0.73945 1.25233 -0.37119
v -0.68369 1.15474 -0.33500
v -0.62037 1.08188 -0.26699
v -0.55713 1.04255 -0.17536
v -0.50160 1.04148 -0.07116
v -0.46046 1.07881 0.03304
v -0.43869 1.15003 0.12467
v -0.43891 1.24656 0.19269
v -0.46110 1.35675 0.22887
v -0.50257 1.46730 0.22887
v -0.55833 1.56490 0.19269
v -0.62164 1.63776 0.12467
v -0.68488 1.67709 0.03304
v -0.85017 1.63078 -0.02854
v -0.88767 1.58939 -0.13258
v -0.90248 1.51623 -0.22407
v -0.89283 1.42011 -0.29198
v -0.85987 1.31263 -0.32811
v -0.80759 1.20676 -0.32811
v -0.74228 1.11526 -0.29198
v -0.67183 1.04917 -0.22407
v -0.60472 1.01646 -0.13258
v -0.54907 1.02108 -0.02854
v -0.51157 1.06246 0.07550
v -0.49676 1.13563 0.16699
v -0.50641 1.23174 0.23489
v -0.53937 1.33922 0.27103
v -0.59165 1.44510 0.27103
v -0.65696 1.53660 0.23489
v -0.72742 1.60269 0.16699
v -0.79452 1.63540 0.07550
v -0.95471 1.57266 0.01428
v -0.98793 1.52771 -0.08974
v -0.99540 1.45342 -0.18121
v -0.97622 1.35873 -0.24911
v -0.93272 1.25507 -0.28523
v -0.87013 1.15494 -0.28523
v -0.79601 1.07042 -0.24911
v -0.71929 1.01170 -0.18121
v -0.64922 0.98587 -0.08974
v -0.59427 0.99604 0.01428
v -0.56106 1.04099 0.11830
v -0.55358 1.11528 0.20977
v -0.57276 1.20997 0.27766
v -0.61626 1.31363 0.31379
v -0.67885 1.41376 0.31379
v -0.75298 1.49828 0.27766
v -0.82970 1.55699 0.20977
v -0.89976 1.58283 0.11830
v -1.05290 1.50441 0.05700
v -1.08128 1.45653 -0.04714
v -1.08114 1.38198 -0.13872
v -1.05249 1.28978 -0.20669
v -0.99880 1.19102 -0.24286
v -0.92654 1.09763 -0.24286
v -0.84442 1.02088 -0.20669
v -0.76235 0.97001 -0.13872
v -0.69023 0.95117 -0.04714
v -0.63675 0.96662 0.05700
v -0.60837 1.01451 0.16113
v -0.60851 1.08905 0.25271
v -0.63716 1.18126 0.32068
v -0.69085 1.28001 0.35685
v -0.76311 1.37340 0.35685
v -0.84523 1.45016 0.32068
v -0.92730 1.50102 0.25271
v -0.99942 1.51987 0.16113
v -1.14369 1.42682 0.09930
v -1.16679 1.37671 -0.00510
v -1.15890 1.30286 -0.09690
v -1.12097 1.21419 -0.16504
v -1.05759 1.12140 -0.20130
v -0.97639 1.03567 -0.20130
v -0.88717 0.96734 -0.16504
v -0.80069 0.92466 -0.09690
v -0.72738 0.91277 -0.00510
v -0.67609 0.93311 0.09930
v -0.65299 0.98323 0.20369
v -0.66088 1.05707 0.29549
v -0.69881 1.14574 0.36363
v -0.76219 1.23854 0.39989
v -0.84339 1.32427 0.39989
v -0.93261 1.39259 0.36363
v -1.01909 1.43528 0.29549
v -1.09240 1.44716 0.20369
v -1.22615 1.34077 0.14087
v -1.24364 1.28922 0.03608
v -1.22800 1.21706 -0.05606
v -1.18113 1.13298 -0.12446
v -1.10868 1.04714 -0.16085
v -1.01938 0.96988 -0.16085
v -0.92401 0.91053 -0.12446
v -0.83406 0.87624 -0.05606
v -0.76040 0.87114 0.03608
v -0.71190 0.89586 0.14087
v -0.69442 0.94741 0.24565
v -0.71005 1.01958 0.33780
v -0.75692 1.10365 0.40619
v -0.82938 1.18949 0.44258
v -0.91868 1.26675 0.44258
v -1.01405 1.32611 0.40619
v -1.10399 1.36040 0.33780
v -1.17765 1.36549 0.24565
v -1.29948 1.24727 0.18140
v -1.31117 1.19514 0.07610
v -1.28793 1.12565 -0.01650
v -1.23259 1.04720 -0.08523
v -1.15180 0.96923 -0.12180
v -1.05531 0.90116 -0.12180
v -0.95477 0.85119 -0.08523
v -0.86229 0.82536 -0.01650
v -0.78904 0.82677 0.07610
v -0.74385 0.85526 0.18140
v -0.73216 0.90739 0.28671
v -0.75539 0.97688 0.37931
v -0.81074 1.05534 0.44804
v -0.89153 1.13330 0.48461
v -0.98801 1.20138 0.48461
v -1.08856 1.25134 0.44804
v -1.18103 1.27718 0.37931
v -1.25428 1.27576 0.28671
v -1.36300 1.14741 0.22061
v -1.36884 1.09559 0.11467
v -1.33831 1.02977 0.02151
v -1.27510 0.95790 -0.04764
v -1.18682 0.88865 -0.08443
v -1.08413 0.83036 -0.08443
v -0.97941 0.79006 -0.04764
v -0.88529 0.77263 0.02151
v -0.81313 0.78016 0.11467
v -0.77163 0.81173 0.22061
v -0.76579 0.86356 0.32655
v -0.79632 0.92937 0.41971
v -0.85954 1.00124 0.48886
v -0.94781 1.07050 0.52565
v -1.05050 1.12879 0.52565
v -1.15522 1.16908 0.48886
v -1.24934 1.18652 0.41971
v -1.32150 1.17899 0.32655
v -1.41621 1.04236 0.25820
v -1.41630 0.99175 0.15151
v -1.37891 0.93057 0.05769
v -1.30856 0.86618 -0.01194
v -1.21374 0.80637 -0.04899
v -1.10587 0.75833 -0.04899
v -0.99797 0.72788 -0.01194
v -0.90305 0.71867 0.05769
v -0.83256 0.73182 0.15151
v -0.79501 0.76575 0.25820
v -0.79492 0.81635 0.36489
v -0.83231 0.87754 0.45870
v -0.90265 0.94192 0.52834
v -0.99748 1.00174 0.56539
v -1.10535 1.04977 0.56539
v -1.21325 1.08023 0.52834
v -1.30817 1.08943 0.45870
v -1.37866 1.07628 0.36489
v -1.45874 0.93331 0.29389
v -1.45333 0.88482 0.18637
v -1.40967 0.82917 0.09181
v -1.33304 0.77310 0.02162
v -1.23268 0.72334 -0.01572
v -1.12068 0.68592 -0.01572
v -1.01057 0.66534 0.02162
v -0.91562 0.66408 0.09181
v -0.84728 0.68229 0.18637
v -0.81380 0.71779 0.29389
v -0.81921 0.76628 0.40142
v -0.86287 0.82192 0.49598
v -0.93950 0.87800 0.56616
v -1.03987 0.92776 0.60351
v -1.15186 0.96518 0.60351
v -1.26197 0.98576 0.56616
v -1.35692 0.98702 0.49598
v -1.42526 0.96881 0.40142
v -1.49041 0.82150 0.32743
v -1.47988 0.77598 0.21898
v -1.43067 0.72673 0.12362
v -1.34871 0.67967 0.05283
v -1.24388 0.64048 0.01517
v -1.12883 0.61389 0.01517
v -1.01744 0.60311 0.05283
v -0.92314 0.60943 0.12362
v -0.85730 0.63210 0.21898
v -0.82787 0.66837 0.32743
v -0.83840 0.71389 0.43588
v -0.88761 0.76314 0.53125
v -0.96958 0.81020 0.60203
v -1.07440 0.84939 0.63969
v -1.18945 0.87598 0.63969
v -1.30084 0.88676 0.60203
v -1.39515 0.88044 0.53125
v -1.46098 0.85777 0.43588
v -1.51117 0.70815 0.35857
v -1.49607 0.66643 0.24914
v -1.44213 0.62431 0.15291
v -1.35588 0.58687 0.08148
v -1.24771 0.55862 0.04348
v -1.13067 0.54297 0.04348
v -1.01888 0.54181 0.08148
v -0.92582 0.55528 0.15291
v -0.86271 0.58175 0.24914
v -0.83717 0.61803 0.35857
v -0.85228 0.65974 0.46799
v -0.90622 0.70186 0.56422
v -0.99247 0.73930 0.63565
v -1.10064 0.76755 0.67365
v -1.21768 0.78320 0.67365
v -1.32947 0.78436 0.63565
v -1.42253 0.77089 0.56422
v -1.48564 0.74443 0.46799
v -1.52116 0.59446 0.38707
v -1.50213 0.55729 0.27662
v -1.44441 0.52296 0.17949
v -1.35498 0.49561 0.10740
v -1.24461 0.47855 0.06905
v -1.12662 0.47383 0.06905
v -1.01525 0.48202 0.10740
v -0.92392 0.50214 0.17949
v -0.86364 0.53175 0.27662
v -0.84170 0.56728 0.38707
v -0.86074 0.60445 0.49752
v -0.91845 0.63878 0.59465
v -1.00788 0.66613 0.66674
v -1.11825 0.68319 0.70510
v -1.23624 0.68791 0.70510
v -1.34761 0.67972 0.66674
v -1.43894 0.65960 0.59465
v -1.49922 0.62999 0.49752
v -1.52063 0.48160 0.41274
v -1.49845 0.44963 0.30125
v -1.43799 0.42362 0.20322
v -1.34654 0.40672 0.13045
v -1.23514 0.40097 0.09173
v -1.11721 0.40705 0.09173
v -1.00699 0.42425 0.13045
v -0.91777 0.45047 0.20322
v -0.86031 0.48257 0.30125
v -0.84154 0.51666 0.41274
v -0.86372 0.54864 0.52422
v -0.92418 0.57464 0.62226
v -1.01563 0.59154 0.69502
v -1.12703 0.59729 0.73374
v -1.24496 0.59121 0.73374
v -1.35518 0.57401 0.69502
v -1.44440 0.54779 0.62226
v -1.50186 0.51570 0.52422
v -1.51001 0.37067 0.43537
v -1.48555 0.34444 0.32287
v -1.42345 0.32716 0.22394
v -1.33119 0.32091 0.15051
v -1.21990 0.32646 0.11143
v -1.10300 0.34313 0.11143
v -0.99460 0.36891 0.15051
v -0.90776 0.40070 0.22394
v -0.85296 0.43465 0.32287
v -0.83682 0.46667 0.43537
v -0.86127 0.49291 0.54788
v -0.92337 0.51019 0.64681
v -1.01563 0.51643 0.72024
v -1.12692 0.51088 0.75931
v -1.24382 0.49421 0.75931
v -1.35223 0.46843 0.72024
v -1.43907 0.43665 0.64681
v -1.49386 0.40270 0.54788
v -1.48982 0.26269 0.45482
v -1.46406 0.24263 0.34134
v -1.40148 0.23434 0.24155
v -1.30963 0.23882 0.16748
v -1.19958 0.25554 0.12807
v -1.08461 0.28248 0.12807
v -0.97859 0.31638 0.16748
v -0.89430 0.35316 0.24155
v -0.84192 0.38839 0.34134
v -0.82775 0.41781 0.45482
v -0.85351 0.43787 0.56829
v -0.91609 0.44616 0.66808
v -1.00795 0.44168 0.74215
v -1.11799 0.42496 0.78156
v -1.23296 0.39802 0.78156
v -1.33898 0.36412 0.74215
v -1.42327 0.32734 0.66808
v -1.47566 0.29211 0.56829
v -1.46074 0.15859 0.47092
v -1.43470 0.14499 0.35655
v -1.37283 0.14582 0.25598
v -1.28260 0.16096 0.18133
v -1.17489 0.18860 0.14161
v -1.06269 0.22540 0.14161
v -0.95954 0.26693 0.18133
v -0.87787 0.30816 0.25598
v -0.82753 0.34414 0.35655
v -0.81460 0.37052 0.47092
v -0.84064 0.38412 0.58529
v -0.90251 0.38329 0.68586
v -0.99274 0.36815 0.76051
v -1.10045 0.34050 0.80023
v -1.21265 0.30370 0.80023
v -1.31580 0.26218 0.76051
v -1.39747 0.22094 0.68586
v -1.44781 0.18497 0.58529
v -1.42350 0.05919 0.48357
v -1.39826 0.05222 0.36843
v -1.33832 0.06213 0.26718
v -1.25092 0.08773 0.19203
v -1.14659 0.12593 0.15204
v -1.03792 0.17213 0.15204
v -0.93801 0.22074 0.19203
v -0.85893 0.26591 0.26718
v -0.81020 0.30219 0.36843
v -0.79770 0.32521 0.48357
v -0.82294 0.33218 0.59871
v -0.88288 0.32227 0.69997
v -0.97029 0.29666 0.77512
v -1.07462 0.25846 0.81511
v -1.18329 0.21227 0.81511
v -1.28319 0.16365 0.77512
v -1.36228 0.11848 0.69997
v -1.41101 0.08220 0.59871
v -1.37897 -0.03481 0.49268
v -1.35562 -0.03514 0.37693
v -1.29880 -0.01631 0.27514
v -1.21538 0.01940 0.19959
v -1.11541 0.06770 0.15939
v -1.01095 0.12276 0.15939
v -0.91459 0.17792 0.19959
v -0.83798 0.22655 0.27514
v -0.79033 0.26278 0.37693
v -0.77740 0.28223 0.49268
v -0.80075 0.28256 0.60842
v -0.85757 0.26373 0.71021
v -0.94099 0.22802 0.78576
v -1.04097 0.17972 0.82596
v -1.14543 0.12467 0.82596
v -1.24178 0.06950 0.78576
v -1.31840 0.02087 0.71021
v -1.36605 -0.01536 0.60842
v -1.32806 -0.12281 0.49817
v -1.30769 -0.11664 0.38202
v -1.25516 -0.08921 0.27988
v -1.17681 -0.04385 0.20407
v -1.08210 0.01399 0.16374
v -0.98244 0.07731 0.16374
v -0.88985 0.13850 0.20407
v -0.81550 0.19015 0.27988
v -0.76836 0.22606 0.38202
v -0.75412 0.24187 0.49817
v -0.77449 0.23570 0.61431
v -0.82701 0.20827 0.71645
v -0.90536 0.16291 0.79226
v -1.00008 0.10508 0.83260
v -1.09974 0.04175 0.83260
v -1.19233 -0.01943 0.79226
v -1.26667 -0.07109 0.71645
v -1.31381 -0.10699 0.61431
v -1.27172 -0.20437 0.50000
v -1.25540 -0.19196 0.38371
v -1.20827 -0.15640 0.28145
v -1.13602 -0.10197 0.20555
v -1.04737 -0.03525 0.16517
v -0.95300 0.03573 0.16517
v -0.86430 0.10240 0.20555
v -0.79197 0.15671 0.28145
v -0.74473 0.19213 0.38371
v -0.72828 0.20437 0.50000
v -0.74460 0.19196 0.61629
v -0.79173 0.15640 0.71855
v -0.86398 0.10197 0.79445
v -0.95263 0.03525 0.83483
v -1.04700 -0.03573 0.83483
v -1.13570 -0.10240 0.79445
v -1.20803 -0.15671 0.71855
v -1.25527 -0.19213 0.61629
v -1.21098 -0.27916 0.49817
v -1.19971 -0.26093 0.38205
v -1.15900 -0.21782 0.27993
v -1.09376 -0.15502 0.20414
v -1.01187 -0.08012 0.16381
v -0.92319 -0.00215 0.16381
v -0.83843 0.06949 0.20414
v -0.76781 0.12616 0.27993
v -0.71985 0.16102 0.38205
v -0.70032 0.16987 0.49817
v -0.71159 0.15164 0.61428
v -0.75230 0.10852 0.71640
v -0.81754 0.04573 0.79219
v -0.89943 -0.02917 0.83252
v -0.98811 -0.10714 0.83252
v -1.07287 -0.17878 0.79219
v -1.14349 -0.23545 0.71640
v -1.19146 -0.27031 0.61428
v -1.14686 -0.34700 0.49268
v -1.14156 -0.32347 0.37708
v -1.10818 -0.27351 0.27543
v -1.05075 -0.20314 0.19999
v -0.97620 -0.12084 0.15984
v -0.89351 -0.03654 0.15984
v -0.81267 0.03959 0.19999
v -0.74341 0.09836 0.27543
v -0.69411 0.13270 0.37708
v -0.67069 0.13845 0.49268
v -0.67599 0.11493 0.60827
v -0.70937 0.06497 0.70992
v -0.76680 -0.00541 0.78537
v -0.84135 -0.08771 0.82551
v -0.92404 -0.17200 0.82551
v -1.00488 -0.24813 0.78537
v -1.07414 -0.30691 0.70992
v -1.12345 -0.34124 0.60827
v -1.08040 -0.40782 0.48357
v -1.08188 -0.37965 0.36891
v -1.05661 -0.32363 0.26808
v -1.00764 -0.24653 0.19324
v -0.94088 -0.15765 0.15342
v -0.86437 -0.06771 0.15342
v -0.78734 0.01244 0.19324
v -0.71910 0.07315 0.26808
v -0.66786 0.10707 0.36891
v -0.63981 0.11013 0.48357
v -0.63833 0.08195 0.59823
v -0.66360 0.02593 0.69906
v -0.71257 -0.05116 0.77390
v -0.77934 -0.14004 0.81372
v -0.85585 -0.22998 0.81372
v -0.93287 -0.31014 0.77390
v -1.00111 -0.37084 0.69906
v -1.05235 -0.40477 0.59823
v -1.01264 -0.46171 0.47092
v -1.02157 -0.42959 0.35765
v -1.00503 -0.36839 0.25803
v -0.96500 -0.28547 0.18410
v -0.90632 -0.19086 0.14476
v -0.83606 -0.09595 0.14476
v -0.76271 -0.01220 0.18410
v -0.69510 0.05030 0.25803
v -0.64139 0.08400 0.35765
v -0.60807 0.08484 0.47092
v -0.59914 0.05271 0.58420
v -0.61568 -0.00849 0.68381
v -0.65571 -0.09140 0.75775
v -0.71439 -0.18602 0.79709
v -0.78464 -0.28093 0.79709
v -0.85800 -0.36468 0.75775
v -0.92561 -0.42717 0.68381
v -0.97931 -0.46087 0.58420
v -0.94460 -0.50887 0.45482
v -0.96148 -0.47356 0.34341
v -0.95409 -0.40806 0.24544
v -0.92331 -0.32027 0.17272
v -0.87286 -0.22076 0.13403
v -0.80882 -0.12156 0.13403
v -0.73891 -0.03461 0.17272
v -0.67158 0.02958 0.24544
v -0.61493 0.06329 0.34341
v -0.57580 0.06244 0.45482
v -0.55892 0.02713 0.56622
v -0.56631 -0.03837 0.66419
v -0.59709 -0.12616 0.73691
v -0.64754 -0.22567 0.77560
v -0.71158 -0.32487 0.77560
v -0.78149 -0.41182 0.73691
v -0.84882 -0.47601 0.66419
v -0.90547 -0.50972 0.56622
v -0.87726 -0.54960 0.43537
v -0.90242 -0.51187 0.32635
v -0.90441 -0.44297 0.23047
v -0.88298 -0.35121 0.15931
v -0.84072 -0.24766 0.12145
v -0.78273 -0.14480 0.12145
v -0.71600 -0.05504 0.15931
v -0.64858 0.01079 0.23047
v -0.58860 0.04475 0.32635
v -0.54330 0.04275 0.43537
v -0.51813 0.00502 0.54440
v -0.51614 -0.06388 0.64027
v -0.53757 -0.15564 0.71144
v -0.57983 -0.25919 0.74930
v -0.63782 -0.36205 0.74930
v -0.70455 -0.45181 0.71144
v -0.77197 -0.51764 0.64027
v -0.83195 -0.55160 0.54440
v -0.81159 -0.58432 0.41274
v -0.84516 -0.54490 0.30661
v -0.85653 -0.47345 0.21329
v -0.84434 -0.37860 0.14402
v -0.81005 -0.27179 0.10716
v -0.75781 -0.16589 0.10716
v -0.69391 -0.07369 0.14402
v -0.62606 -0.00630 0.21329
v -0.56244 0.02815 0.30661
v -0.51073 0.02550 0.41274
v -0.47717 -0.01392 0.51886
v -0.46580 -0.08537 0.61218
v -0.47799 -0.18022 0.68145
v -0.51227 -0.28703 0.71831
v -0.56452 -0.39293 0.71831
v -0.62842 -0.48513 0.68145
v -0.69627 -0.55252 0.61218
v -0.75988 -0.58697 0.51886
v -0.74853 -0.61355 0.38707
v -0.79041 -0.57306 0.28436
v -0.81094 -0.49982 0.19404
v -0.80764 -0.40267 0.12700
v -0.78090 -0.29333 0.09133
v -0.73396 -0.18498 0.09133
v -0.67247 -0.09069 0.12700
v -0.60386 -0.02184 0.19404
v -0.53639 0.01327 0.28436
v -0.47820 0.01041 0.38707
v -0.43632 -0.03009 0.48978
v -0.41579 -0.10332 0.58010
v -0.41909 -0.20047 0.64714
v -0.44583 -0.30981 0.68281
v -0.49277 -0.41816 0.68281
v -0.55426 -0.51245 0.64714
v -0.62288 -0.58130 0.58010
v -0.69035 -0.61641 0.48978
v -0.68897 -0.63787 0.35857
v -0.73888 -0.59679 0.25975
v -0.76809 -0.52237 0.17285
v -0.77308 -0.42359 0.10835
v -0.75326 -0.31236 0.07403
v -0.71101 -0.20209 0.07403
v -0.65143 -0.10610 0.10835
v -0.58170 -0.03595 0.17285
v -0.51024 -0.00010 0.25975
v -0.44566 -0.00289 0.35857
v -0.39576 -0.04397 0.45738
v -0.36655 -0.11839 0.54428
v -0.36155 -0.21717 0.60878
v -0.38138 -0.32840 0.64310
v -0.42363 -0.43867 0.64310
v -0.48321 -0.53466 0.60878
v -0.55294 -0.60481 0.54428
v -0.62440 -0.64066 0.45738
v -0.63379 -0.65792 0.32743
v -0.69121 -0.61652 0.23292
v -0.72838 -0.54133 0.14981
v -0.74083 -0.44141 0.08812
v -0.72705 -0.32883 0.05530
v -0.68870 -0.21715 0.05530
v -0.63041 -0.11985 0.08812
v -0.55920 -0.04866 0.14981
v -0.48368 -0.01217 0.23292
v -0.41294 -0.01478 0.32743
v -0.35552 -0.05617 0.42194
v -0.31835 -0.13136 0.50505
v -0.30590 -0.23128 0.56674
v -0.31968 -0.34386 0.59957
v -0.35803 -0.45554 0.59957
v -0.41632 -0.55285 0.56674
v -0.48753 -0.62404 0.50505
v -0.56305 -0.66053 0.42194
v -0.58381 -0.67434 0.29389
v -0.64804 -0.63264 0.20401
v -0.69221 -0.55685 0.12497
v -0.71099 -0.45611 0.06630
v -0.70213 -0.34257 0.03508
v -0.66669 -0.22994 0.03508
v -0.60894 -0.13179 0.06630
v -0.53585 -0.05996 0.12497
v -0.45624 -0.02311 0.20401
v -0.37971 -0.02570 0.29389
v -0.31549 -0.06740 0.38378
v -0.27132 -0.14319 0.46282
v -0.25253 -0.24393 0.52149
v -0.26140 -0.35747 0.55270
v -0.29684 -0.47010 0.55270
v -0.35459 -0.56826 0.52149
v -0.42767 -0.64009 0.46282
v -0.50728 -0.67693 0.38378
v -0.53986 -0.68779 0.25820
v -0.60997 -0.64548 0.17313
v -0.65990 -0.56897 0.09832
v -0.68364 -0.46750 0.04279
v -0.67831 -0.35330 0.01325
v -0.64456 -0.24015 0.01325
v -0.58646 -0.14169 0.04279
v -0.51101 -0.06979 0.09832
v -0.42733 -0.03315 0.17313
v -0.34549 -0.03616 0.25820
v -0.27538 -0.07847 0.34327
v -0.22544 -0.15497 0.41808
v -0.20171 -0.25644 0.47361
v -0.20704 -0.37065 0.50315
v -0.24079 -0.48380 0.50315
v -0.29889 -0.58226 0.47361
v -0.37433 -0.65415 0.41808
v -0.45802 -0.69080 0.34327
v -0.50265 -0.69880 0.22061
v -0.57753 -0.65525 0.14037
v -0.63175 -0.57764 0.06980
v -0.65875 -0.47531 0.01742
v -0.65530 -0.36062 -0.01045
v -0.62179 -0.24739 -0.01045
v -0.56227 -0.14929 0.01742
v -0.48393 -0.07814 0.06980
v -0.39621 -0.04253 0.14037
v -0.30968 -0.04675 0.22061
v -0.23480 -0.09030 0.30086
v -0.18058 -0.16791 0.37142
v -0.15358 -0.27024 0.42380
v -0.15704 -0.38493 0.45167
v -0.19054 -0.49816 0.45167
v -0.25006 -0.59626 0.42380
v -0.32840 -0.66741 0.37142
v -0.41613 -0.70302 0.30086
v -0.47277 -0.70779 0.18140
v -0.55109 -0.66207 0.10578
v -0.60784 -0.58270 0.03927
v -0.63616 -0.47924 -0.01009
v -0.63265 -0.36417 -0.03635
v -0.59773 -0.25137 -0.03635
v -0.53560 -0.15445 -0.01009
v -0.45377 -0.08509 0.03927
v -0.36210 -0.05167 0.10578
v -0.27165 -0.05821 0.18140
v -0.19333 -0.10392 0.25703
v -0.13659 -0.18330 0.32353
v -0.10826 -0.28676 0.37289
v -0.11177 -0.40183 0.39916
v -0.14670 -0.51463 0.39916
v -0.20882 -0.61155 0.37289
v -0.29065 -0.68090 0.32353
v -0.38232 -0.71433 0.25703
v -0.45050 -0.71496 0.14087
v -0.53069 -0.66593 0.06940
v -0.58797 -0.58400 0.00655
v -0.61542 -0.47906 -0.04010
v -0.60974 -0.36376 -0.06493
v -0.57160 -0.25200 -0.06493
v -0.50562 -0.15728 -0.04010
v -0.41974 -0.09101 0.00655
v -0.32433 -0.06118 0.06940
v -0.23089 -0.07140 0.14087
v -0.15070 -0.12043 0.21234
v -0.09342 -0.20236 0.27519
v -0.06597 -0.30730 0.32184
v -0.07165 -0.42261 0.34666
v -0.10979 -0.53436 0.34666
v -0.17577 -0.62908 0.32184
v -0.26165 -0.69536 0.27519
v -0.35706 -0.72518 0.21234
v -0.43550 -0.72038 0.09930
v -0.51580 -0.66688 0.03123
v -0.57144 -0.58165 -0.02863
v -0.59572 -0.47497 -0.07305
v -0.58571 -0.35971 -0.09669
v -0.54261 -0.24978 -0.09669
v -0.47162 -0.15843 -0.07305
v -0.38131 -0.09667 -0.02863
v -0.28257 -0.07197 0.03123
v -0.18731 -0.08729 0.09930
v -0.10701 -0.14080 0.16736
v -0.05137 -0.22603 0.22722
v -0.02709 -0.33270 0.27164
v -0.03710 -0.44796 0.29528
v -0.08020 -0.55790 0.29528
v -0.15119 -0.64925 0.27164
v -0.24150 -0.71100 0.22722
v -0.34024 -0.73570 0.16736
v -0.42661 -0.72410 0.05700
v -0.50512 -0.66526 -0.00870
v -0.55698 -0.57628 -0.06646
v -0.57591 -0.46790 -0.10934
v -0.55965 -0.35319 -0.13216
v -0.51014 -0.24599 -0.13216
v -0.43337 -0.15923 -0.10934
v -0.33859 -0.10336 -0.06646
v -0.23723 -0.08514 -0.00870
v -0.14152 -0.10675 0.05700
v -0.06300 -0.16559 0.12269
v -0.01114 -0.25457 0.18046
v 0.00779 -0.36295 0.22333
v -0.00847 -0.47766 0.24615
v -0.05798 -0.58486 0.24615
v -0.13475 -0.67163 0.22333
v -0.22954 -0.72749 0.18046
v -0.33090 -0.74572 0.12269
v -0.42163 -0.72655 0.01428
v -0.49660 -0.66211 -0.05030
v -0.54283 -0.56947 -0.10708
v -0.55474 -0.45981 -0.14923
v -0.53090 -0.34636 -0.17165
v -0.47417 -0.24280 -0.17165
v -0.39141 -0.16161 -0.14923
v -0.29260 -0.11260 -0.10708
v -0.18964 -0.10167 -0.05030
v -0.09497 -0.13015 0.01428
v -0.02000 -0.19459 0.07885
v 0.02622 -0.28723 0.13564
v 0.03813 -0.39688 0.17778
v 0.01429 -0.51034 0.20021
v -0.04244 -0.61390 0.20021
v -0.12520 -0.69508 0.17778
v -0.22401 -0.74410 0.13564
v -0.32696 -0.75502 0.07885
v -0.41777 -0.72881 -0.02854
v -0.48784 -0.65931 -0.09337
v -0.52726 -0.56371 -0.15038
v -0.53127 -0.45355 -0.19270
v -0.49940 -0.34210 -0.21521
v -0.43548 -0.24282 -0.21521
v -0.34722 -0.16767 -0.19270
v -0.24527 -0.12573 -0.15038
v -0.14193 -0.12204 -0.09337
v -0.04966 -0.15706 -0.02854
v 0.02041 -0.22656 0.03628
v 0.05983 -0.32216 0.09329
v 0.06384 -0.43233 0.13561
v 0.03197 -0.54377 0.15812
v -0.03195 -0.64306 0.15812
v -0.12021 -0.71820 0.13561
v -0.22216 -0.76015 0.09329
v -0.32550 -0.76383 0.03628
v -0.41225 -0.73262 -0.07116
v -0.47672 -0.65932 -0.13759
v -0.50901 -0.56191 -0.19601
v -0.50521 -0.45215 -0.23936
v -0.46578 -0.34326 -0.26244
v -0.39548 -0.24839 -0.26244
v -0.30278 -0.17897 -0.23936
v -0.19888 -0.14339 -0.19601
v -0.09629 -0.14592 -0.13759
v -0.00740 -0.18627 -0.07116
v 0.05708 -0.25957 -0.00473
v 0.08937 -0.35698 0.05369
v 0.08556 -0.46674 0.09705
v 0.04614 -0.57563 0.12012
v -0.02417 -0.67050 0.12012
v -0.11686 -0.73992 0.09705
v -0.22077 -0.77550 0.05369
v -0.32335 -0.77297 -0.00473
v -0.40303 -0.73986 -0.11325
v -0.46191 -0.66445 -0.18246
v -0.48752 -0.56656 -0.24333
v -0.47678 -0.45799 -0.28851
v -0.43098 -0.35185 -0.31254
v -0.35564 -0.26092 -0.31254
v -0.25986 -0.19618 -0.28851
v -0.15519 -0.16543 -0.24333
v -0.05424 -0.17240 -0.18246
v 0.03080 -0.21622 -0.11325
v 0.08967 -0.29163 -0.04403
v 0.11528 -0.38952 0.01683
v 0.10454 -0.49809 0.06201
v 0.05874 -0.60424 0.08605
v -0.01659 -0.69516 0.08605
v -0.11237 -0.75990 0.06201
v -0.21705 -0.79065 0.01683
v -0.31799 -0.78368 -0.04403
v -0.38901 -0.75198 -0.15451
v -0.44277 -0.67626 -0.22744
v -0.46267 -0.57913 -0.29157
v -0.44632 -0.47231 -0.33917
v -0.39568 -0.36869 -0.36450
v -0.31687 -0.28076 -0.36450
v -0.21938 -0.21913 -0.33917
v -0.11499 -0.19124 -0.29157
v -0.01627 -0.20044 -0.22744
v 0.06487 -0.24562 -0.15451
v 0.11863 -0.32135 -0.08158
v 0.13853 -0.41848 -0.01745
v 0.12218 -0.52529 0.03015
v 0.07154 -0.62891 0.05548
v -0.00727 -0.71684 0.05548
v -0.10476 -0.77847 0.03015
v -0.20916 -0.80637 -0.01745
v -0.30788 -0.79717 -0.08158
v -0.36973 -0.76971 -0.19464
v -0.41908 -0.69531 -0.27192
v -0.43442 -0.59998 -0.33989
v -0.41390 -0.49521 -0.39033
v -0.36000 -0.39363 -0.41718
v -0.27922 -0.30750 -0.41718
v -0.18131 -0.24721 -0.39033
v -0.07806 -0.22003 -0.33989
v 0.01806 -0.22924 -0.27192
v 0.09546 -0.27372 -0.19464
v 0.14481 -0.34812 -0.11735
v 0.16015 -0.44345 -0.04938
v 0.13963 -0.54823 0.00106
v 0.08573 -0.64980 0.02790
v 0.00495 -0.73593 0.02790
v -0.09296 -0.79622 0.00106
v -0.19621 -0.82340 -0.04938
v -0.29233 -0.81419 -0.11735
v -0.34508 -0.79305 -0.23333
v -0.39069 -0.72138 -0.31534
v -0.40254 -0.62863 -0.38746
v -0.37919 -0.52600 -0.44099
v -0.32347 -0.42587 -0.46947
v -0.24210 -0.34030 -0.46947
v -0.14489 -0.27963 -0.44099
v -0.04356 -0.25116 -0.38746
v 0.04967 -0.25834 -0.31534
v 0.12354 -0.30030 -0.23333
v 0.16915 -0.37197 -0.15132
v 0.18099 -0.46472 -0.07920
v 0.15765 -0.56735 -0.02567
v 0.10193 -0.66748 0.00281
v 0.02056 -0.75305 0.00281
v -0.07666 -0.81372 -0.02567
v -0.17798 -0.84218 -0.07920
v -0.27121 -0.83500 -0.15132
v -0.31500 -0.82151 -0.27032
v -0.35739 -0.75366 -0.35718
v -0.36661 -0.66409 -0.43356
v -0.34156 -0.56358 -0.49025
v -0.28525 -0.46427 -0.52041
v -0.20449 -0.37812 -0.52041
v -0.10901 -0.31555 -0.49025
v -0.01032 -0.28408 -0.43356
v 0.07967 -0.28752 -0.35718
v 0.15010 -0.32544 -0.27032
v 0.19248 -0.39329 -0.18346
v 0.20170 -0.48287 -0.10709
v 0.17665 -0.58337 -0.05039
v 0.12035 -0.68269 -0.02023
v 0.03958 -0.76883 -0.02023
v -0.05590 -0.83141 -0.05039
v -0.15459 -0.86287 -0.10709
v -0.24457 -0.85944 -0.18346
v -0.27943 -0.85429 -0.30532
v -0.31887 -0.79110 -0.39694
v -0.32609 -0.70507 -0.47751
v -0.30021 -0.60660 -0.53731
v -0.24435 -0.50755 -0.56913
v -0.16526 -0.41987 -0.56913
v -0.07247 -0.35414 -0.53731
v 0.02283 -0.31829 -0.47751
v 0.10914 -0.31663 -0.39694
v 0.17605 -0.34938 -0.30532
v 0.21549 -0.41257 -0.21371
v 0.22270 -0.49859 -0.13314
v 0.19682 -0.59707 -0.07334
v 0.14097 -0.69612 -0.04152
v 0.06187 -0.78379 -0.04152
v -0.03092 -0.84952 -0.07334
v -0.12621 -0.88538 -0.13314
v -0.21252 -0.88703 -0.21371
v -0.23823 -0.89044 -0.33809
v -0.27480 -0.83245 -0.43423
v -0.28039 -0.75020 -0.51877
v -0.25435 -0.65363 -0.58153
v -0.19980 -0.55437 -0.61491
v -0.12333 -0.46440 -0.61491
v -0.03415 -0.39456 -0.58153
v 0.05696 -0.35329 -0.51877
v 0.13903 -0.34556 -0.43423
v 0.20216 -0.37231 -0.33809
v 0.23872 -0.43030 -0.24195
v 0.24432 -0.51254 -0.15740
v 0.21827 -0.60912 -0.09465
v 0.16372 -0.70838 -0.06126
v 0.08725 -0.79835 -0.06126
v -0.00192 -0.86818 -0.09465
v -0.09304 -0.90945 -0.15740
v -0.17511 -0.91718 -0.24195
v -0.19125 -0.92892 -0.36837
v -0.22482 -0.87644 -0.46867
v -0.22901 -0.79804 -0.55688
v -0.20329 -0.70320 -0.62235
v -0.15077 -0.60334 -0.65718
v -0.07778 -0.51052 -0.65718
v 0.00686 -0.43592 -0.62235
v 0.09296 -0.38855 -0.55688
v 0.17012 -0.37412 -0.46867
v 0.22905 -0.39436 -0.36837
v 0.26263 -0.44685 -0.26807
v 0.26681 -0.52524 -0.17986
v 0.24109 -0.62008 -0.11439
v 0.18857 -0.71994 -0.07956
v 0.11559 -0.81277 -0.07956
v 0.03094 -0.88736 -0.11439
v -0.05516 -0.93473 -0.17986
v -0.13232 -0.94917 -0.26807
v -0.13834 -0.96868 -0.39595
v -0.16869 -0.92177 -0.49998
v -0.17152 -0.84716 -0.59145
v -0.14649 -0.75385 -0.65935
v -0.09663 -0.65309 -0.69548
v -0.02794 -0.55705 -0.69548
v 0.05129 -0.47729 -0.65935
v 0.13151 -0.42345 -0.59145
v 0.20303 -0.40202 -0.49998
v 0.25723 -0.41558 -0.39595
v 0.28758 -0.46249 -0.29193
v 0.29041 -0.53710 -0.20045
v 0.26538 -0.63041 -0.13255
v 0.21552 -0.73116 -0.09642
v 0.14683 -0.82721 -0.09642
v 0.06760 -0.90696 -0.13255
v -0.01261 -0.96080 -0.20045
v -0.08413 -0.98224 -0.29193
v -0.07940 -1.00864 -0.42063
v -0.10620 -0.96715 -0.52788
v -0.10767 -0.89612 -0.62220
v -0.08362 -0.80412 -0.69220
v -0.03697 -0.70225 -0.72945
v 0.02667 -0.60278 -0.72945
v 0.09962 -0.51773 -0.69220
v 0.17308 -0.45735 -0.62220
v 0.23819 -0.42891 -0.52788
v 0.28709 -0.43586 -0.42063
v 0.31389 -0.47735 -0.31337
v 0.31536 -0.54838 -0.21906
v 0.29131 -0.64038 -0.14905
v 0.24466 -0.74226 -0.11180
v 0.18101 -0.84172 -0.11180
v 0.10807 -0.92677 -0.14905
v 0.03461 -0.98716 -0.21906
v -0.03050 -1.01559 -0.31337
v -0.01441 -1.04775 -0.44222
v -0.03733 -1.01133 -0.55218
v -0.03738 -0.94357 -0.64888
v -0.01456 -0.85262 -0.72065
v 0.02838 -0.74947 -0.75884
v 0.08626 -0.64655 -0.75884
v 0.15211 -0.55627 -0.72065
v 0.21796 -0.48953 -0.64888
v 0.27590 -0.45438 -0.55218
v 0.31891 -0.45505 -0.44222
v 0.34183 -0.49146 -0.33225
v 0.34188 -0.55922 -0.23555
v 0.31906 -0.65017 -0.16378
v 0.27612 -0.75332 -0.12559
v 0.21824 -0.85624 -0.12559
v 0.15240 -0.94652 -0.16378
v 0.08654 -1.01326 -0.23555
v 0.02861 -1.04842 -0.33225
v 0.05659 -1.08493 -0.46056
v 0.03787 -1.05309 -0.57272
v 0.03927 -0.98817 -0.67134
v 0.06064 -0.89802 -0.74455
v 0.09938 -0.79350 -0.78350
v 0.15083 -0.68722 -0.78350
v 0.20879 -0.59199 -0.74455
v 0.26625 -0.51932 -0.67134
v 0.31630 -0.47795 -0.57272
v 0.35289 -0.47288 -0.46056
v 0.37161 -0.50472 -0.34841
v 0.37020 -0.56964 -0.24978
v 0.34884 -0.65979 -0.17658
v 0.31010 -0.76432 -0.13763
v 0.25864 -0.87060 -0.13763
v 0.20069 -0.96582 -0.17658
v 0.14322 -1.03850 -0.24978
v 0.09318 -1.07986 -0.34841
v 0.13344 -1.11916 -0.47553
v 0.11916 -1.09124 -0.58937
v 0.12203 -1.02869 -0.68948
v 0.14169 -0.93905 -0.76378
v 0.17577 -0.83313 -0.80332
v 0.22017 -0.72372 -0.80332
v 0.26952 -0.62400 -0.76378
v 0.31788 -0.54600 -0.68948
v 0.35941 -0.49914 -0.58937
v 0.38910 -0.48906 -0.47553
v 0.40338 -0.51698 -0.36169
v 0.40051 -0.57953 -0.26158
v 0.38085 -0.66917 -0.18727
v 0.34677 -0.77509 -0.14774
v 0.30237 -0.88450 -0.14774
v 0.25302 -0.98422 -0.18727
v 0.20466 -1.06222 -0.26158
v 0.16313 -1.10908 -0.36169
v 0.21587 -1.14944 -0.48701
v 0.20621 -1.12469 -0.60206
v 0.21047 -1.06396 -0.70324
v 0.22815 -0.97457 -0.77833
v 0.25712 -0.86730 -0.81829
v 0.29388 -0.75508 -0.81829
v 0.33400 -0.65146 -0.77833
v 0.37264 -0.56894 -0.70324
v 0.40513 -0.51745 -0.60206
v 0.42757 -0.50323 -0.48701
v 0.43724 -0.52797 -0.37195
v 0.43297 -0.58870 -0.27078
v 0.41529 -0.67809 -0.19568
v 0.38632 -0.78537 -0.15572
v 0.34956 -0.89758 -0.15572
v 0.30944 -1.00120 -0.19568
v 0.27080 -1.08373 -0.27078
v 0.23831 -1.13521 -0.37195
v 0.30352 -1.17479 -0.49491
v 0.29851 -1.15240 -0.61074
v 0.30403 -1.09293 -0.71260
v 0.31942 -1.00354 -0.78821
v 0.34283 -0.89502 -0.82843
v 0.37142 -0.78045 -0.82843
v 0.40176 -0.67366 -0.78821
v 0.43018 -0.58752 -0.71260
v 0.45325 -0.53243 -0.61074
v 0.46819 -0.51502 -0.49491
v 0.47320 -0.53741 -0.37908
v 0.46768 -0.59688 -0.27722
v 0.45229 -0.68627 -0.20162
v 0.42888 -0.79479 -0.16139
v 0.40029 -0.90936 -0.16139
v 0.36995 -1.01615 -0.20162
v 0.34153 -1.10229 -0.27722
v 0.31846 -1.15738 -0.37908
v 0.39589 -1.19430 -0.49918
v 0.39546 -1.17342 -0.61540
v 0.40202 -1.11464 -0.71761
v 0.41476 -1.02505 -0.79346
v 0.43216 -0.91546 -0.83383
v 0.45212 -0.79907 -0.83383
v 0.47222 -0.68994 -0.79346
v 0.49005 -0.60122 -0.71761
v 0.50345 -0.54362 -0.61540
v 0.51081 -0.52408 -0.49918
v 0.51123 -0.54495 -0.38296
v 0.50468 -0.60373 -0.28076
v 0.49193 -0.69332 -0.20491
v 0.47453 -0.80292 -0.16454
v 0.45457 -0.91930 -0.16454
v 0.43447 -1.02843 -0.20491
v 0.41664 -1.11715 -0.28076
v 0.40324 -1.17475 -0.38296
v 0.49236 -1.20712 -0.49980
v 0.49633 -1.18690 -0.61606
v 0.50360 -1.12828 -0.71831
v 0.51330 -1.03834 -0.79420
v 0.52427 -0.92792 -0.83458
v 0.53518 -0.81034 -0.83458
v 0.54471 -0.69979 -0.79420
v 0.55172 -0.60959 -0.71831
v 0.55535 -0.55064 -0.61606
v 0.55518 -0.53003 -0.49980
v 0.55121 -0.55025 -0.38353
v 0.54394 -0.60887 -0.28128
v 0.53424 -0.69882 -0.20539
v 0.52327 -0.80924 -0.16501
v 0.51236 -0.92681 -0.16501
v 0.50283 -1.03736 -0.20539
v 0.49583 -1.12756 -0.28128
v 0.49219 -1.18651 -0.38353
v 0.59224 -1.21249 -0.49674
v 0.60027 -1.19209 -0.61277
v 0.60786 -1.13314 -0.71480
v 0.61409 -1.04276 -0.79053
v 0.61822 -0.93184 -0.83083
v 0.61974 -0.81377 -0.83083
v 0.61847 -0.70279 -0.79053
v 0.61456 -0.61227 -0.71480
v 0.60849 -0.55315 -0.61277
v 0.60099 -0.53255 -0.49674
v 0.59295 -0.55295 -0.38071
v 0.58537 -0.61190 -0.27868
v 0.57913 -0.70228 -0.20295
v 0.57501 -0.81320 -0.16265
v 0.57349 -0.93127 -0.16265
v 0.57476 -1.04225 -0.20295
v 0.57867 -1.13277 -0.27868
v 0.58474 -1.19189 -0.38071
v 0.69470 -1.20973 -0.49004
v 0.70637 -1.18837 -0.60559
v 0.71380 -1.12867 -0.70720
v 0.71610 -1.03784 -0.78261
v 0.71300 -0.92683 -0.82274
v 0.70486 -0.80903 -0.82274
v 0.69268 -0.69865 -0.78261
v 0.67791 -0.60900 -0.70720
v 0.66235 -0.55090 -0.60559
v 0.64786 -0.53134 -0.49004
v 0.63620 -0.55270 -0.37450
v 0.62877 -0.61239 -0.27289
v 0.62647 -0.70322 -0.19747
v 0.62957 -0.81423 -0.15734
v 0.63770 -0.93203 -0.15734
v 0.64989 -1.04242 -0.19747
v 0.66465 -1.13207 -0.27289
v 0.68022 -1.19017 -0.37450
v 0.79884 -1.19825 -0.47975
v 0.81359 -1.17523 -0.59462
v 0.82032 -1.11446 -0.69564
v 0.81822 -1.02326 -0.77061
v 0.80755 -0.91264 -0.81051
v 0.78958 -0.79593 -0.81051
v 0.76649 -0.68722 -0.77061
v 0.74106 -0.59962 -0.69564
v 0.71637 -0.54368 -0.59462
v 0.69538 -0.52617 -0.47975
v 0.68063 -0.54918 -0.36487
v 0.67389 -0.60996 -0.26386
v 0.67599 -0.70115 -0.18888
v 0.68667 -0.81178 -0.14898
v 0.70464 -0.92848 -0.14898
v 0.72773 -1.03720 -0.18888
v 0.75315 -1.12480 -0.26386
v 0.77785 -1.18074 -0.36487
v 0.90366 -1.17760 -0.46593
v 0.92087 -1.15232 -0.57998
v 0.92631 -1.09024 -0.68028
v 0.91934 -0.99884 -0.75472
v 0.90079 -0.88916 -0.79433
v 0.87290 -0.77442 -0.79433
v 0.83904 -0.66846 -0.75472
v 0.80329 -0.58406 -0.68028
v 0.76996 -0.53141 -0.57998
v 0.74307 -0.51684 -0.46593
v 0.72586 -0.54212 -0.35188
v 0.72042 -0.60421 -0.25158
v 0.72739 -0.69560 -0.17714
v 0.74594 -0.80528 -0.13753
v 0.77382 -0.92002 -0.13753
v 0.80769 -1.02598 -0.17714
v 0.84344 -1.11038 -0.25158
v 0.87677 -1.16304 -0.35188
v 1.00812 -1.14745 -0.44870
v 1.02707 -1.11941 -0.56182
v 1.03060 -1.05589 -0.66130
v 1.01830 -0.96457 -0.73514
v 0.99164 -0.85645 -0.77443
v 0.95384 -0.74459 -0.77443
v 0.90946 -0.64246 -0.73514
v 0.86385 -0.56239 -0.66130
v 0.82251 -0.51404 -0.56182
v 0.79043 -0.50324 -0.44870
v 0.77148 -0.53129 -0.33557
v 0.76794 -0.59480 -0.23609
v 0.78025 -0.68612 -0.16226
v 0.80691 -0.79424 -0.12297
v 0.84471 -0.90610 -0.12297
v 0.88909 -1.00823 -0.16226
v 0.93470 -1.08830 -0.23609
v 0.97604 -1.13665 -0.33557
v 1.11109 -1.10760 -0.42817
v 1.13102 -1.07642 -0.54031
v 1.13202 -1.01146 -0.63891
v 1.11396 -0.92058 -0.71210
v 1.07902 -0.81472 -0.75104
v 1.03141 -0.70666 -0.75104
v 0.97689 -0.60943 -0.71210
v 0.92202 -0.53476 -0.63891
v 0.87342 -0.49165 -0.54031
v 0.83696 -0.48531 -0.42817
v 0.81702 -0.51650 -0.31604
v 0.81603 -0.58145 -0.21744
v 0.83409 -0.67234 -0.14425
v 0.86903 -0.77819 -0.10531
v 0.91664 -0.88625 -0.10531
v 0.97116 -0.98348 -0.14425
v 1.02603 -1.05815 -0.21744
v 1.07463 -1.10126 -0.31604
v 1.21145 -1.05799 -0.40451
v 1.23156 -1.02343 -0.51561
v 1.22938 -0.95715 -0.61331
v 1.20518 -0.86716 -0.68583
v 1.16187 -0.76430 -0.72441
v 1.10469 -0.66099 -0.72441
v 1.04051 -0.56969 -0.68583
v 0.97710 -0.50141 -0.61331
v 0.92208 -0.46438 -0.51561
v 0.88211 -0.46307 -0.40451
v 0.86200 -0.49764 -0.29341
v 0.86418 -0.56391 -0.19571
v 0.88838 -0.65391 -0.12319
v 0.93169 -0.75676 -0.08460
v 0.98888 -0.86007 -0.08460
v 1.05305 -0.95137 -0.12319
v 1.11647 -1.01965 -0.19571
v 1.17148 -1.05668 -0.29341
v 1.30803 -0.99873 -0.37787
v 1.32750 -0.96067 -0.48794
v 1.32155 -0.89330 -0.58474
v 1.29089 -0.80475 -0.65658
v 1.23922 -0.70569 -0.69481
v 1.17277 -0.60808 -0.69481
v 1.09957 -0.52368 -0.65658
v 1.02843 -0.46268 -0.58474
v 0.96793 -0.43244 -0.48794
v 0.92538 -0.43660 -0.37787
v 0.90591 -0.47466 -0.26780
v 0.91187 -0.54203 -0.17101
v 0.94252 -0.63058 -0.09917
v 0.99419 -0.72964 -0.06094
v 1.06064 -0.82725 -0.06094
v 1.13385 -0.91164 -0.09917
v 1.20499 -0.97264 -0.17101
v 1.26548 -1.00288 -0.26780
v 1.39967 -0.93004 -0.34847
v 1.41769 -0.88852 -0.45753
v 1.40741 -0.82041 -0.55344
v 1.37005 -0.73393 -0.62462
v 1.31012 -0.63949 -0.66250
v 1.23486 -0.54851 -0.66250
v 1.15334 -0.47194 -0.62462
v 1.07540 -0.41902 -0.55344
v 1.01042 -0.39614 -0.45753
v 0.96626 -0.40606 -0.34847
v 0.94824 -0.44758 -0.23941
v 0.95853 -0.51569 -0.14350
v 0.99588 -0.60218 -0.07231
v 1.05581 -0.69661 -0.03444
v 1.13107 -0.78760 -0.03444
v 1.21259 -0.86417 -0.07231
v 1.29054 -0.91708 -0.14350
v 1.35551 -0.93996 -0.23941
v 1.48525 -0.85234 -0.31651
v 1.50104 -0.80753 -0.42461
v 1.48592 -0.73914 -0.51967
v 1.44171 -0.65541 -0.59023
v 1.37375 -0.56645 -0.62777
v 1.29023 -0.48298 -0.62777
v 1.20122 -0.41507 -0.59023
v 1.11746 -0.37092 -0.51967
v 1.04906 -0.35585 -0.42461
v 1.00426 -0.37167 -0.31651
v 0.98847 -0.41648 -0.20841
v 1.00359 -0.48487 -0.11334
v 1.04780 -0.56860 -0.04279
v 1.11576 -0.65756 -0.00524
v 1.19928 -0.74103 -0.00524
v 1.28829 -0.80894 -0.04279
v 1.37205 -0.85309 -0.11334
v 1.44045 -0.86816 -0.20841
v 1.56368 -0.76617 -0.28222
v 1.57651 -0.71837 -0.38943
v 1.55614 -0.65025 -0.48371
v 1.50503 -0.57003 -0.55368
v 1.42936 -0.48739 -0.59091
v 1.33824 -0.41229 -0.59091
v 1.24266 -0.35380 -0.55368
v 1.15416 -0.31896 -0.48371
v 1.08340 -0.31198 -0.38943
v 1.03893 -0.33370 -0.28222
v 1.02610 -0.38150 -0.17501
v 1.04647 -0.44962 -0.08074
v 1.09757 -0.52984 -0.01076
v 1.17325 -0.61248 0.02647
v 1.26437 -0.68758 0.02647
v 1.35995 -0.74608 -0.01076
v 1.44845 -0.78091 -0.08074
v 1.51921 -0.78789 -0.17501
v 1.63394 -0.67223 -0.24587
v 1.64314 -0.62185 -0.35227
v 1.61720 -0.55465 -0.44583
v 1.55927 -0.47873 -0.51528
v 1.47633 -0.40325 -0.55223
v 1.37837 -0.33731 -0.55223
v 1.27723 -0.28886 -0.51528
v 1.18509 -0.26375 -0.44583
v 1.11307 -0.26501 -0.35227
v 1.06985 -0.29248 -0.24587
v 1.06066 -0.34286 -0.13947
v 1.08659 -0.41006 -0.04590
v 1.14453 -0.48598 0.02355
v 1.22747 -0.56146 0.06050
v 1.32542 -0.62740 0.06050
v 1.42657 -0.67585 0.02355
v 1.51871 -0.70096 -0.04590
v 1.59073 -0.69970 -0.13947
v 1.69510 -0.57134 -0.20771
v 1.70008 -0.51892 -0.31340
v 1.66838 -0.45335 -0.40634
v 1.60381 -0.38254 -0.47533
v 1.51416 -0.31502 -0.51204
v 1.41024 -0.25895 -0.51204
v 1.30459 -0.22107 -0.47533
v 1.20996 -0.20597 -0.40634
v 1.13775 -0.21546 -0.31340
v 1.09667 -0.24840 -0.20771
v 1.09169 -0.30082 -0.10202
v 1.12339 -0.36639 -0.00907
v 1.18796 -0.43720 0.05992
v 1.27761 -0.50471 0.09662
v 1.38153 -0.56079 0.09662
v 1.48718 -0.59867 0.05992
v 1.58181 -0.61377 -0.00907
v 1.65402 -0.60428 -0.10202
v 1.74632 -0.46445 -0.16802
v 1.74663 -0.41062 -0.27312
v 1.70907 -0.34745 -0.36554
v 1.63817 -0.28256 -0.43414
v 1.54249 -0.22376 -0.47064
v 1.43357 -0.17817 -0.47064
v 1.32454 -0.15127 -0.43414
v 1.22856 -0.14630 -0.36554
v 1.15720 -0.16388 -0.27312
v 1.11907 -0.20187 -0.16802
v 1.11876 -0.25570 -0.06293
v 1.15632 -0.31887 0.02949
v 1.22722 -0.38376 0.09809
v 1.32290 -0.44255 0.13459
v 1.43182 -0.48815 0.13459
v 1.54085 -0.51505 0.09809
v 1.63683 -0.52002 0.02949
v 1.70819 -0.50244 -0.06293
v 1.78692 -0.35263 -0.12711
v 1.78219 -0.29809 -0.23173
v 1.73882 -0.23811 -0.32374
v 1.66204 -0.17993 -0.39203
v 1.56112 -0.13056 -0.42837
v 1.44823 -0.09595 -0.42837
v 1.33697 -0.08029 -0.39203
v 1.24078 -0.08545 -0.32374
v 1.17125 -0.11082 -0.23173
v 1.13677 -0.15334 -0.12711
v 1.14150 -0.20787 -0.02248
v 1.18487 -0.26785 0.06952
v 1.26164 -0.32603 0.13781
v 1.36257 -0.37541 0.17415
v 1.47546 -0.41001 0.17415
v 1.58672 -0.42568 0.13781
v 1.68291 -0.42051 0.06952
v 1.75244 -0.39514 -0.02248
v 1.81631 -0.23702 -0.08526
v 1.80632 -0.18254 -0.18954
v 1.75733 -0.12656 -0.28125
v 1.67525 -0.07585 -0.34932
v 1.56997 -0.03650 -0.38553
v 1.45420 -0.01328 -0.38553
v 1.34189 -0.00898 -0.34932
v 1.24660 -0.02411 -0.28125
v 1.17981 -0.05687 -0.18954
v 1.14959 -0.10328 -0.08526
v 1.15957 -0.15776 0.01902
v 1.20856 -0.21374 0.11073
v 1.29064 -0.26446 0.17879
v 1.39592 -0.30380 0.21501
v 1.51170 -0.32703 0.21501
v 1.62400 -0.33133 0.17879
v 1.71930 -0.31619 0.11073
v 1.78608 -0.28344 0.01902
v 1.83408 -0.11886 -0.04279
v 1.81876 -0.06523 -0.14687
v 1.76448 -0.01405 -0.23839
v 1.67778 0.02851 -0.30632
v 1.56912 0.05732 -0.34247
v 1.45161 0.06889 -0.34247
v 1.33942 0.06184 -0.30632
v 1.24608 0.03702 -0.23839
v 1.18285 -0.00259 -0.14687
v 1.15736 -0.05220 -0.04279
v 1.17268 -0.10583 0.06129
v 1.22697 -0.15701 0.15281
v 1.31367 -0.19957 0.22075
v 1.42233 -0.22838 0.25689
v 1.53984 -0.23995 0.25689
v 1.65203 -0.23290 0.22075
v 1.74537 -0.20807 0.15281
v 1.80859 -0.16847 0.06129
f 1 2 20
f 1 20 19
f 2 3 21
f 2 21 20
f 3 4 22
f 3 22 21
f 4 5 23
f 4 23 22
f 5 6 24
f 5 24 23
f 6 7 25
f 6 25 24
f 7 8 26
f 7 26 25
f 8 9 27
f 8 27 26
f 9 10 28
f 9 28 27
f 10 11 29
f 10 29 28
f 11 12 30
f 11 30 29
f 12 13 31
f 12 31 30
f 13 14 32
f 13 32 31
f 14 15 33
f 14 33 32
f 15 16 34
f 15 34 33
f 16 17 35
f 16 35 34
f 17 18 36
f 17 36 35
f 18 1 19
f 18 19 36
f 19 20 38
f 19 38 37
f 20 21 39
f 20 39 38
f 21 22 40
f 21 40 39
f 22 23 41
f 22 41 40
f 23 24 42
f 23 42 41
f 24 25 43
f 24 43 42
f 25 26 44
f 25 44 43
f 26 27 45
f 26 45 44
f 27 28 46
f 27 46 45
f 28 29 47
f 28 47 46
f 29 30 48
f 29 48 47
f 30 31 49
f 30 49 48
f 31 32 50
f 31 50 49
f 32 33 51
f 32 51 50
f 33 34 52
f 33 52 51
f 34 35 53
f 34 53 52
f 35 36 54
f 35 54 53
f 36 19 37
f 36 37 54
f 37 38 56
f 37 56 55
f 38 39 57
f 38 57 56
f 39 40 58
f 39 58 57
f 40 41 59
f 40 59 58
f 41 42 60
f 41 60 59
f 42 43 61
f 42 61 60
f 43 44 62
f 43 62 61
f 44 45 63
f 44 63 62
f 45 46 64
f 45 64 63
f 46 47 65
f 46 65 64
f 47 48 66
f 47 66 65
f 48 49 67
f 48 67 66
f 49 50 68
f 49 68 67
f 50 51 69
f 50 69 68
f 51 52 70
f 51 70 69
f 52 53 71
f 52 71 70
f 53 54 72
f 53 72 71
f 54 37 55
f 54 55 72
f 55 56 74
f 55 74 73
f 56 57 75
f 56 75 74
f 57 58 76
f 57 76 75
f 58 59 77
f 58 77 76
f 59 60 78
f 59 78 77
f 60 61 79
f 60 79 78
f 61 62 80
f 61 80 79
f 62 63 81
f 62 81 80
f 63 64 82
f 63 82 81
f 64 65 83
f 64 83 82
f 65 66 84
f 65 84 83
f 66 67 85
f 66 85 84
f 67 68 86
f 67 86 85
f 68 69 87
f 68 87 86
f 69 70 88
f 69 88 87
f 70 71 89
f 70 89 88
f 71 72 90
f 71 90 89
f 72 55 73
f 72 73 90
f 73 74 92
f 73 92 91
f 74 75 93
f 74 93 92
f 75 76 94
f 75 94 93
f 76 77 95
f 76 95 94
f 77 78 96
f 77 96 95
f 78 79 97
f 78 97 96
f 79 80 98
f 79 98 97
f 80 81 99
f 80 99 98
f 81 82 100
f 81 100 99
f 82 83 101
f 82 101 100
f 83 84 102
f 83 102 101
f 84 85 103
f 84 103 102
f 85 86 104
f 85 104 103
f 86 87 105
f 86 105 104
f 87 88 106
f 87 106 105
f 88 89 107
f 88 107 106
f 89 90 108
f 89 108 107
f 90 73 91
f 90 91 108
f 91 92 110
f 91 110 109
f 92 93 111
f 92 111 110
f 93 94 112
f 93 112 111
f 94 95 113
f 94 113 112
f 95 96 114
f 95 114 113
f 96 97 115
f 96 115 114
f 97 98 116
f 97 116 115
f 98 99 117
f 98 117 116
f 99 100 118
f 99 118 117
f 100 101 119
f 100 119 118
f 101 102 120
f 101 120 119
f 102 103 121
f 102 121 120
f 103 104 122
f 103 122 121
f 104 105 123
f 104 123 122
f 105 106 124
f 105 124 123
f 106 107 125
f 106 125 124
f 107 108 126
f 107 126 125
f 108 91 109
f 108 109 126
f 109 110 128
f 109 128 127
f 110 111 129
f 110 129 128
f 111 112 130
f 111 130 129
f 112 113 131
f 112 131 130
f 113 114 132
f 113 132 131
f 114 115 133
f 114 133 132
f 115 116 134
f 115 134 133
f 116 117 135
f 116 135 134
f 117 118 136
f 117 136 135
f 118 119 137
f 118 137 136
f 119 120 138
f 119 138 137
f 120 121 139
f 120 139 138
f 121 122 140
f 121 140 139
f 122 123 141
f 122 141 140
f 123 124 142
f 123 142 141
f 124 125 143
f 124 143 142
f 125 126 144
f 125 144 143
f 126 109 127
f 126 127 144
f 127 128 146
f 127 146 145
f 128 129 147
f 128 147 146
f 129 130 148
f 129 148 147
f 130 131 149
f 130 149 148
f 131 132 150
f 131 150 149
f 132 133 151
f 132 151 150
f 133 134 152
f 133 152 151
f 134 135 153
f 134 153 152
f 135 136 154
f 135 154 153
f 136 137 155
f 136 155 154
f 137 138 156
f 137 156 155
f 138 139 157
f 138 157 156
f 139 140 158
f 139 158 157
f 140 141 159
f 140 159 158
f 141 142 160
f 141 160 159
f 142 143 161
f 142 161 160
f 143 144 162
f 143 162 161
f 144 127 145
f 144 145 162
f 145 146 164
f 145 164 163
f 146 147 165
f 146 165 164
f 147 148 166
f 147 166 165
f 148 149 167
f 148 167 166
f 149 150 168
f 149 168 167
f 150 151 169
f 150 169 168
f 151 152 170
f 151 170 169
f 152 153 171
f 152 171 170
f 153 154 172
f 153 172 171
f 154 155 173
f 154 173 172
f 155 156 174
f 155 174 173
f 156 157 175
f 156 175 174
f 157 158 176
f 157 176 175
f 158 159 177
f 158 177 176
f 159 160 178
f 159 178 177
f 160 161 179
f 160 179 178
f 161 162 180
f 161 180 179
f 162 145 163
f 162 163 180
f 163 164 182
f 163 182 181
f 164 165 183
f 164 183 182
f 165 166 184
f 165 184 183
f 166 167 185
f 166 185 184
f 167 168 186
f 167 186 185
f 168 169 187
f 168 187 186
f 169 170 188
f 169 188 187
f 170 171 189
f 170 189 188
f 171 172 190
f 171 190 189
f 172 173 191
f 172 191 190
f 173 174 192
f 173 192 191
f 174 175 193
f 174 193 192
f 175 176 194
f 175 194 193
f 176 177 195
f 176 195 194
f 177 178 196
f 177 196 195
f 178 179 197
f 178 197 196
f 179 180 198
f 179 198 197
f 180 163 181
f 180 181 198
f 181 182 200
f 181 200 199
f 182 183 201
f 182 201 200
f 183 184 202
f 183 202 201
f 184 185 203
f 184 203 202
f 185 186 204
f 185 204 203
f 186 187 205
f 186 205 204
f 187 188 206
f 187 206 205
f 188 189 207
f 188 207 206
f 189 190 208
f 189 208 207
f 190 191 209
f 190 209 208
f 191 192 210
f 191 210 209
f 192 193 211
f 192 211 210
f 193 194 212
f 193 212 211
f 194 195 213
f 194 213 212
f 195 196 214
f 195 214 213
f 196 197 215
f 196 215 214
f 197 198 216
f 197 216 215
f 198 181 199
f 198 199 216
f 199 200 218
f 199 218 217
f 200 201 219
f 200 219 218
f 201 202 220
f 201 220 219
f 202 203 221
f 202 221 220
f 203 204 222
f 203 222 221
f 204 205 223
f 204 223 222
f 205 206 224
f 205 224 223
f 206 207 225
f 206 225 224
f 207 208 226
f 207 226 225
f 208 209 227
f 208 227 226
f 209 210 228
f 209 228 227
f 210 211 229
f 210 229 228
f 211 212 230
f 211 230 229
f 212 213 231
f 212 231 230
f 213 214 232
f 213 232 231
f 214 215 233
f 214 233 232
f 215 216 234
f 215 234 233
f 216 199 217
f 216 217 234
f 217 218 236
f 217 236 235
f 218 219 237
f 218 237 236
f 219 220 238
f 219 238 237
f 220 221 239
f 220 239 238
f 221 222 240
f 221 240 239
f 222 223 241
f 222 241 240
f 223 224 242
f 223 242 241
f 224 225 243
f 224 243 242
f 225 226 244
f 225 244 243
f 226 227 245
f 226 245 244
f 227 228 246
f 227 246 245
f 228 229 247
f 228 247 246
f 229 230 248
f 229 248 247
f 230 231 249
f 230 249 248
f 231 232 250
f 231 250 249
f 232 233 251
f 232 251 250
f 233 234 252
f 233 252 251
f 234 217 235
f 234 235 252
f 235 236 254
f 235 254 253
f 236 237 255
f 236 255 254
f 237 238 256
f 237 256 255
f 238 239 257
f 238 257 256
f 239 240 258
f 239 258 257
f 240 241 259
f 240 259 258
f 241 242 260
f 241 260 259
f 242 243 261
f 242 261 260
f 243 244 262
f 243 262 261
f 244 245 263
f 244 263 262
f 245 246 264
f 245 264 263
f 246 247 265
f 246 265 264
f 247 248 266
f 247 266 265
f 248 249 267
f 248 267 266
f 249 250 268
f 249 268 267
f 250 251 269
f 250 269 268
f 251 252 270
f 251 270 269
f 252 235 253
f 252 253 270
f 253 254 272
f 253 272 271
f 254 255 273
f 254 273 272
f 255 256 274
f 255 274 273
f 256 257 275
f 256 275 274
f 257 258 276
f 257 276 275
f 258 259 277
f 258 277 276
f 259 260 278
f 259 278 277
f 260 261 279
f 260 279 278
f 261 262 280
f 261 280 279
f 262 263 281
f 262 281 280
f 263 264 282
f 263 282 281
f 264 265 283
f 264 283 282
f 265 266 284
f 265 284 283
f 266 267 285
f 266 285 284
f 267 268 286
f 267 286 285
f 268 269 287
f 268 287 286
f 269 270 288
f 269 288 287
f 270 253 271
f 270 271 288
f 271 272 290
f 271 290 289
f 272 273 291
f 272 291 290
f 273 274 292
f 273 292 291
f 274 275 293
f 274 293 292
f 275 276 294
f 275 294 293
f 276 277 295
f 276 295 294
f 277 278 296
f 277 296 295
f 278 279 297
f 278 297 296
f 279 280 298
f 279 298 297
f 280 281 299
f 280 299 298
f 281 282 300
f 281 300 299
f 282 283 301
f 282 301 300
f 283 284 302
f 283 302 301
f 284 285 303
f 284 303 302
f 285 286 304
f 285 304 303
f 286 287 305
f 286 305 304
f 287 288 306
f 287 306 305
f 288 271 289
f 288 289 306
f 289 290 308
f 289 308 307
f 290 291 309
f 290 309 308
f 291 292 310
f 291 310 309
f 292 293 311
f 292 311 310
f 293 294 312
f 293 312 311
f 294 295 313
f 294 313 312
f 295 296 314
f 295 314 313
f 296 297 315
f 296 315 314
f 297 298 316
f 297 316 315
f 298 299 317
f 298 317 316
f 299 300 318
f 299 318 317
f 300 301 319
f 300 319 318
f 301 302 320
f 301 320 319
f 302 303 321
f 302 321 320
f 303 304 322
f 303 322 321
f 304 305 323
f 304 323 322
f 305 306 324
f 305 324 323
f 306 289 307
f 306 307 324
f 307 308 326
f 307 326 325
f 308 309 327
f 308 327 326
f 309 310 328
f 309 328 327
f 310 311 329
f 310 329 328
f 311 312 330
f 311 330 329
f 312 313 331
f 312 331 330
f 313 314 332
f 313 332 331
f 314 315 333
f 314 333 332
f 315 316 334
f 315 334 333
f 316 317 335
f 316 335 334
f 317 318 336
f 317 336 335
f 318 319 337
f 318 337 336
f 319 320 338
f 319 338 337
f 320 321 339
f 320 339 338
f 321 322 340
f 321 340 339
f 322 323 341
f 322 341 340
f 323 324 342
f 323 342 341
f 324 307 325
f 324 325 342
f 325 326 344
f 325 344 343
f 326 327 345
f 326 345 344
f 327 328 346
f 327 346 345
f 328 329 347
f 328 347 346
f 329 330 348
f 329 348 347
f 330 331 349
f 330 349 348
f 331 332 350
f 331 350 349
f 332 333 351
f 332 351 350
f 333 334 352
f 333 352 351
f 334 335 353
f 334 353 352
f 335 336 354
f 335 354 353
f 336 337 355
f 336 355 354
f 337 338 356
f 337 356 355
f 338 339 357
f 338 357 356
f 339 340 358
f 339 358 357
f 340 341 359
f 340 359 358
f 341 342 360
f 341 360 359
f 342 325 343
f 342 343 360
f 343 344 362
f 343 362 361
f 344 345 363
f 344 363 362
f 345 346 364
f 345 364 363
f 346 347 365
f 346 365 364
f 347 348 366
f 347 366 365
f 348 349 367
f 348 367 366
f 349 350 368
f 349 368 367
f 350 351 369
f 350 369 368
f 351 352 370
f 351 370 369
f 352 353 371
f 352 371 370
f 353 354 372
f 353 372 371
f 354 355 373
f 354 373 372
f 355 356 374
f 355 374 373
f 356 357 375
f 356 375 374
f 357 358 376
f 357 376 375
f 358 359 377
f 358 377 376
f 359 360 378
f 359 378 377
f 360 343 361
f 360 361 378
f 361 362 380
f 361 380 379
f 362 363 381
f 362 381 380
f 363 364 382
f 363 382 381
f 364 365 383
f 364 383 382
f 365 366 384
f 365 384 383
f 366 367 385
f 366 385 384
f 367 368 386
f 367 386 385
f 368 369 387
f 368 387 386
f 369 370 388
f 369 388 387
f 370 371 389
f 370 389 388
f 371 372 390
f 371 390 389
f 372 373 391
f 372 391 390
f 373 374 392
f 373 392 391
f 374 375 393
f 374 393 392
f 375 376 394
f 375 394 393
f 376 377 395
f 376 395 394
f 377 378 396
f 377 396 395
f 378 361 379
f 378 379 396
f 379 380 398
f 379 398 397
f 380 381 399
f 380 399 398
f 381 382 400
f 381 400 399
f 382 383 401
f 382 401 400
f 383 384 402
f 383 402 401
f 384 385 403
f 384 403 402
f 385 386 404
f 385 404 403
f 386 387 405
f 386 405 404
f 387 388 406
f 387 406 405
f 388 389 407
f 388 407 406
f 389 390 408
f 389 408 407
f 390 391 409
f 390 409 408
f 391 392 410
f 391 410 409
f 392 393 411
f 392 411 410
f 393 394 412
f 393 412 411
f 394 395 413
f 394 413 412
f 395 396 414
f 395 414 413
f 396 379 397
f 396 397 414
f 397 398 416
f 397 416 415
f 398 399 417
f 398 417 416
f 399 400 418
f 399 418 417
f 400 401 419
f 400 419 418
f 401 402 420
f 401 420 419
f 402 403 421
f 402 421 420
f 403 404 422
f 403 422 421
f 404 405 423
f 404 423 422
f 405 406 424
f 405 424 423
f 406 407 425
f 406 425 424
f 407 408 426
f 407 426 425
f 408 409 427
f 408 427 426
f 409 410 428
f 409 428 427
f 410 411 429
f 410 429 428
f 411 412 430
f 411 430 429
f 412 413 431
f 412 431 430
f 413 414 432
f 413 432 431
f 414 397 415
f 414 415 432
f 415 416 434
f 415 434 433
f 416 417 435
f 416 435 434
f 417 418 436
f 417 436 435
f 418 419 437
f 418 437 436
f 419 420 438
f 419 438 437
f 420 421 439
f 420 439 438
f 421 422 440
f 421 440 439
f 422 423 441
f 422 441 440
f 423 424 442
f 423 442 441
f 424 425 443
f 424 443 442
f 425 426 444
f 425 444 443
f 426 427 445
f 426 445 444
f 427 428 446
f 427 446 445
f 428 429 447
f 428 447 446
f 429 430 448
f 429 448 447
f 430 431 449
f 430 449 448
f 431 432 450
f 431 450 449
f 432 415 433
f 432 433 450
f 433 434 452
f 433 452 451
f 434 435 453
f 434 453 452
f 435 436 454
f 435 454 453
f 436 437 455
f 436 455 454
f 437 438 456
f 437 456 455
f 438 439 457
f 438 457 456
f 439 440 458
f 439 458 457
f 440 441 459
f 440 459 458
f 441 442 460
f 441 460 459
f 442 443 461
f 442 461 460
f 443 444 462
f 443 462 461
f 444 445 463
f 444 463 462
f 445 446 464
f 445 464 463
f 446 447 465
f 446 465 464
f 447 448 466
f 447 466 465
f 448 449 467
f 448 467 466
f 449 450 468
f 449 468 467
f 450 433 451
f 450 451 468
f 451 452 470
f 451 470 469
f 452 453 471
f 452 471 470
f 453 454 472
f 453 472 471
f 454 455 473
f 454 473 472
f 455 456 474
f 455 474 473
f 456 457 475
f 456 475 474
f 457 458 476
f 457 476 475
f 458 459 477
f 458 477 476
f 459 460 478
f 459 478 477
f 460 461 479
f 460 479 478
f 461 462 480
f 461 480 479
f 462 463 481
f 462 481 480
f 463 464 482
f 463 482 481
f 464 465 483
f 464 483 482
f 465 466 484
f 465 484 483
f 466 467 485
f 466 485 484
f 467 468 486
f 467 486 485
f 468 451 469
f 468 469 486
f 469 470 488
f 469 488 487
f 470 471 489
f 470 489 488
f 471 472 490
f 471 490 489
f 472 473 491
f 472 491 490
f 473 474 492
f 473 492 491
f 474 475 493
f 474 493 492
f 475 476 494
f 475 494 493
f 476 477 495
f 476 495 494
f 477 478 496
f 477 496 495
f 478 479 497
f 478 497 496
f 479 480 498
f 479 498 497
f 480 481 499
f 480 499 498
f 481 482 500
f 481 500 499
f 482 483 501
f 482 501 500
f 483 484 502
f 483 502 501
f 484 485 503
f 484 503 502
f 485 486 504
f 485 504 503
f 486 469 487
f 486 487 504
f 487 488 506
f 487 506 505
f 488 489 507
f 488 507 506
f 489 490 508
f 489 508 507
f 490 491 509
f 490 509 508
f 491 492 510
f 491 510 509
f 492 493 511
f 492 511 510
f 493 494 512
f 493 512 511
f 494 495 513
f 494 513 512
f 495 496 514
f 495 514 513
f 496 497 515
f 496 515 514
f 497 498 516
f 497 516 515
f 498 499 517
f 498 517 516
f 499 500 518
f 499 518 517
f 500 501 519
f 500 519 518
f 501 502 520
f 501 520 519
f 502 503 521
f 502 521 520
f 503 504 522
f 503 522 521
f 504 487 505
f 504 505 522
f 505 506 524
f 505 524 523
f 506 507 525
f 506 525 524
f 507 508 526
f 507 526 525
f 508 509 527
f 508 527 526
f 509 510 528
f 509 528 527
f 510 511 529
f 510 529 528
f 511 512 530
f 511 530 529
f 512 513 531
f 512 531 530
f 513 514 532
f 513 532 531
f 514 515 533
f 514 533 532
f 515 516 534
f 515 534 533
f 516 517 535
f 516 535 534
f 517 518 536
f 517 536 535
f 518 519 537
f 518 537 536
f 519 520 538
f 519 538 537
f 520 521 539
f 520 539 538
f 521 522 540
f 521 540 539
f 522 505 523
f 522 523 540
f 523 524 542
f 523 542 541
f 524 525 543
f 524 543 542
f 525 526 544
f 525 544 543
f 526 527 545
f 526 545 544
f 527 528 546
f 527 546 545
f 528 529 547
f 528 547 546
f 529 530 548
f 529 548 547
f 530 531 549
f 530 549 548
f 531 532 550
f 531 550 549
f 532 533 551
f 532 551 550
f 533 534 552
f 533 552 551
f 534 535 553
f 534 553 552
f 535 536 554
f 535 554 553
f 536 537 555
f 536 555 554
f 537 538 556
f 537 556 555
f 538 539 557
f 538 557 556
f 539 540 558
f 539 558 557
f 540 523 541
f 540 541 558
f 541 542 560
f 541 560 559
f 542 543 561
f 542 561 560
f 543 544 562
f 543 562 561
f 544 545 563
f 544 563 562
f 545 546 564
f 545 564 563
f 546 547 565
f 546 565 564
f 547 548 566
f 547 566 565
f 548 549 567
f 548 567 566
f 549 550 568
f 549 568 567
f 550 551 569
f 550 569 568
f 551 552 570
f 551 570 569
f 552 553 571
f 552 571 570
f 553 554 572
f 553 572 571
f 554 555 573
f 554 573 572
f 555 556 574
f 555 574 573
f 556 557 575
f 556 575 574
f 557 558 576
f 557 576 575
f 558 541 559
f 558 559 576
f 559 560 578
f 559 578 577
f 560 561 579
f 560 579 578
f 561 562 580
f 561 580 579
f 562 563 581
f 562 581 580
f 563 564 582
f 563 582 581
f 564 565 583
f 564 583 582
f 565 566 584
f 565 584 583
f 566 567 585
f 566 585 584
f 567 568 586
f 567 586 585
f 568 569 587
f 568 587 586
f 569 570 588
f 569 588 587
f 570 571 589
f 570 589 588
f 571 572 590
f 571 590 589
f 572 573 591
f 572 591 590
f 573 574 592
f 573 592 591
f 574 575 593
f 574 593 592
f 575 576 594
f 575 594 593
f 576 559 577
f 576 577 594
f 577 578 596
f 577 596 595
f 578 579 597
f 578 597 596
f 579 580 598
f 579 598 597
f 580 581 599
f 580 599 598
f 581 582 600
f 581 600 599
f 582 583 601
f 582 601 600
f 583 584 602
f 583 602 601
f 584 585 603
f 584 603 602
f 585 586 604
f 585 604 603
f 586 587 605
f 586 605 604
f 587 588 606
f 587 606 605
f 588 589 607
f 588 607 606
f 589 590 608
f 589 608 607
f 590 591 609
f 590 609 608
f 591 592 610
f 591 610 609
f 592 593 611
f 592 611 610
f 593 594 612
f 593 612 611
f 594 577 595
f 594 595 612
f 595 596 614
f 595 614 613
f 596 597 615
f 596 615 614
f 597 598 616
f 597 616 615
f 598 599 617
f 598 617 616
f 599 600 618
f 599 618 617
f 600 601 619
f 600 619 618
f 601 602 620
f 601 620 619
f 602 603 621
f 602 621 620
f 603 604 622
f 603 622 621
f 604 605 623
f 604 623 622
f 605 606 624
f 605 624 623
f 606 607 625
f 606 625 624
f 607 608 626
f 607 626 625
f 608 609 627
f 608 627 626
f 609 610 628
f 609 628 627
f 610 611 629
f 610 629 628
f 611 612 630
f 611 630 629
f 612 595 613
f 612 613 630
f 613 614 632
f 613 632 631
f 614 615 633
f 614 633 632
f 615 616 634
f 615 634 633
f 616 617 635
f 616 635 634
f 617 618 636
f 617 636 635
f 618 619 637
f 618 637 636
f 619 620 638
f 619 638 637
f 620 621 639
f 620 639 638
f 621 622 640
f 621 640 639
f 622 623 641
f 622 641 640
f 623 624 642
f 623 642 641
f 624 625 643
f 624 643 642
f 625 626 644
f 625 644 643
f 626 627 645
f 626 645 644
f 627 628 646
f 627 646 645
f 628 629 647
f 628 647 646
f 629 630 648
f 629 648 647
f 630 613 631
f 630 631 648
f 631 632 650
f 631 650 649
f 632 633 651
f 632 651 650
f 633 634 652
f 633 652 651
f 634 635 653
f 634 653 652
f 635 636 654
f 635 654 653
f 636 637 655
f 636 655 654
f 637 638 656
f 637 656 655
f 638 639 657
f 638 657 656
f 639 640 658
f 639 658 657
f 640 641 659
f 640 659 658
f 641 642 660
f 641 660 659
f 642 643 661
f 642 661 660
f 643 644 662
f 643 662 661
f 644 645 663
f 644 663 662
f 645 646 664
f 645 664 663
f 646 647 665
f 646 665 664
f 647 648 666
f 647 666 665
f 648 631 649
f 648 649 666
f 649 650 668
f 649 668 667
f 650 651 669
f 650 669 668
f 651 652 670
f 651 670 669
f 652 653 671
f 652 671 670
f 653 654 672
f 653 672 671
f 654 655 673
f 654 673 672
f 655 656 674
f 655 674 673
f 656 657 675
f 656 675 674
f 657 658 676
f 657 676 675
f 658 659 677
f 658 677 676
f 659 660 678
f 659 678 677
f 660 661 679
f 660 679 678
f 661 662 680
f 661 680 679
f 662 663 681
f 662 681 680
f 663 664 682
f 663 682 681
f 664 665 683
f 664 683 682
f 665 666 684
f 665 684 683
f 666 649 667
f 666 667 684
f 667 668 686
f 667 686 685
f 668 669 687
f 668 687 686
f 669 670 688
f 669 688 687
f 670 671 689
f 670 689 688
f 671 672 690
f 671 690 689
f 672 673 691
f 672 691 690
f 673 674 692
f 673 692 691
f 674 675 693
f 674 693 692
f 675 676 694
f 675 694 693
f 676 677 695
f 676 695 694
f 677 678 696
f 677 696 695
f 678 679 697
f 678 697 696
f 679 680 698
f 679 698 697
f 680 681 699
f 680 699 698
f 681 682 700
f 681 700 699
f 682 683 701
f 682 701 700
f 683 684 702
f 683 702 701
f 684 667 685
f 684 685 702
f 685 686 704
f 685 704 703
f 686 687 705
f 686 705 704
f 687 688 706
f 687 706 705
f 688 689 707
f 688 707 706
f 689 690 708
f 689 708 707
f 690 691 709
f 690 709 708
f 691 692 710
f 691 710 709
f 692 693 711
f 692 711 710
f 693 694 712
f 693 712 711
f 694 695 713
f 694 713 712
f 695 696 714
f 695 714 713
f 696 697 715
f 696 715 714
f 697 698 716
f 697 716 715
f 698 699 717
f 698 717 716
f 699 700 718
f 699 718 717
f 700 701 719
f 700 719 718
f 701 702 720
f 701 720 719
f 702 685 703
f 702 703 720
f 703 704 722
f 703 722 721
f 704 705 723
f 704 723 722
f 705 706 724
f 705 724 723
f 706 707 725
f 706 725 724
f 707 708 726
f 707 726 725
f 708 709 727
f 708 727 726
f 709 710 728
f 709 728 727
f 710 711 729
f 710 729 728
f 711 712 730
f 711 730 729
f 712 713 731
f 712 731 730
f 713 714 732
f 713 732 731
f 714 715 733
f 714 733 732
f 715 716 734
f 715 734 733
f 716 717 735
f 716 735 734
f 717 718 736
f 717 736 735
f 718 719 737
f 718 737 736
f 719 720 738
f 719 738 737
f 720 703 721
f 720 721 738
f 721 722 740
f 721 740 739
f 722 723 741
f 722 741 740
f 723 724 742
f 723 742 741
f 724 725 743
f 724 743 742
f 725 726 744
f 725 744 743
f 726 727 745
f 726 745 744
f 727 728 746
f 727 746 745
f 728 729 747
f 728 747 746
f 729 730 748
f 729 748 747
f 730 731 749
f 730 749 748
f 731 732 750
f 731 750 749
f 732 733 751
f 732 751 750
f 733 734 752
f 733 752 751
f 734 735 753
f 734 753 752
f 735 736 754
f 735 754 753
f 736 737 755
f 736 755 754
f 737 738 756
f 737 756 755
f 738 721 739
f 738 739 756
f 739 740 758
f 739 758 757
f 740 741 759
f 740 759 758
f 741 742 760
f 741 760 759
f 742 743 761
f 742 761 760
f 743 744 762
f 743 762 761
f 744 745 763
f 744 763 762
f 745 746 764
f 745 764 763
f 746 747 765
f 746 765 764
f 747 748 766
f 747 766 765
f 748 749 767
f 748 767 766
f 749 750 768
f 749 768 767
f 750 751 769
f 750 769 768
f 751 752 770
f 751 770 769
f 752 753 771
f 752 771 770
f 753 754 772
f 753 772 771
f 754 755 773
f 754 773 772
f 755 756 774
f 755 774 773
f 756 739 757
f 756 757 774
f 757 758 776
f 757 776 775
f 758 759 777
f 758 777 776
f 759 760 778
f 759 778 777
f 760 761 779
f 760 779 778
f 761 762 780
f 761 780 779
f 762 763 781
f 762 781 780
f 763 764 782
f 763 782 781
f 764 765 783
f 764 783 782
f 765 766 784
f 765 784 783
f 766 767 785
f 766 785 784
f 767 768 786
f 767 786 785
f 768 769 787
f 768 787 786
f 769 770 788
f 769 788 787
f 770 771 789
f 770 789 788
f 771 772 790
f 771 790 789
f 772 773 791
f 772 791 790
f 773 774 792
f 773 792 791
f 774 757 775
f 774 775 792
f 775 776 794
f 775 794 793
f 776 777 795
f 776 795 794
f 777 778 796
f 777 796 795
f 778 779 797
f 778 797 796
f 779 780 798
f 779 798 797
f 780 781 799
f 780 799 798
f 781 782 800
f 781 800 799
f 782 783 801
f 782 801 800
f 783 784 802
f 783 802 801
f 784 785 803
f 784 803 802
f 785 786 804
f 785 804 803
f 786 787 805
f 786 805 804
f 787 788 806
f 787 806 805
f 788 789 807
f 788 807 806
f 789 790 808
f 789 808 807
f 790 791 809
f 790 809 808
f 791 792 810
f 791 810 809
f 792 775 793
f 792 793 810
f 793 794 812
f 793 812 811
f 794 795 813
f 794 813 812
f 795 796 814
f 795 814 813
f 796 797 815
f 796 815 814
f 797 798 816
f 797 816 815
f 798 799 817
f 798 817 816
f 799 800 818
f 799 818 817
f 800 801 819
f 800 819 818
f 801 802 820
f 801 820 819
f 802 803 821
f 802 821 820
f 803 804 822
f 803 822 821
f 804 805 823
f 804 823 822
f 805 806 824
f 805 824 823
f 806 807 825
f 806 825 824
f 807 808 826
f 807 826 825
f 808 809 827
f 808 827 826
f 809 810 828
f 809 828 827
f 810 793 811
f 810 811 828
f 811 812 830
f 811 830 829
f 812 813 831
f 812 831 830
f 813 814 832
f 813 832 831
f 814 815 833
f 814 833 832
f 815 816 834
f 815 834 833
f 816 817 835
f 816 835 834
f 817 818 836
f 817 836 835
f 818 819 837
f 818 837 836
f 819 820 838
f 819 838 837
f 820 821 839
f 820 839 838
f 821 822 840
f 821 840 839
f 822 823 841
f 822 841 840
f 823 824 842
f 823 842 841
f 824 825 843
f 824 843 842
f 825 826 844
f 825 844 843
f 826 827 845
f 826 845 844
f 827 828 846
f 827 846 845
f 828 811 829
f 828 829 846
f 829 830 848
f 829 848 847
f 830 831 849
f 830 849 848
f 831 832 850
f 831 850 849
f 832 833 851
f 832 851 850
f 833 834 852
f 833 852 851
f 834 835 853
f 834 853 852
f 835 836 854
f 835 854 853
f 836 837 855
f 836 855 854
f 837 838 856
f 837 856 855
f 838 839 857
f 838 857 856
f 839 840 858
f 839 858 857
f 840 841 859
f 840 859 858
f 841 842 860
f 841 860 859
f 842 843 861
f 842 861 860
f 843 844 862
f 843 862 861
f 844 845 863
f 844 863 862
f 845 846 864
f 845 864 863
f 846 829 847
f 846 847 864
f 847 848 866
f 847 866 865
f 848 849 867
f 848 867 866
f 849 850 868
f 849 868 867
f 850 851 869
f 850 869 868
f 851 852 870
f 851 870 869
f 852 853 871
f 852 871 870
f 853 854 872
f 853 872 871
f 854 855 873
f 854 873 872
f 855 856 874
f 855 874 873
f 856 857 875
f 856 875 874
f 857 858 876
f 857 876 875
f 858 859 877
f 858 877 876
f 859 860 878
f 859 878 877
f 860 861 879
f 860 879 878
f 861 862 880
f 861 880 879
f 862 863 881
f 862 881 880
f 863 864 882
f 863 882 881
f 864 847 865
f 864 865 882
f 865 866 884
f 865 884 883
f 866 867 885
f 866 885 884
f 867 868 886
f 867 886 885
f 868 869 887
f 868 887 886
f 869 870 888
f 869 888 887
f 870 871 889
f 870 889 888
f 871 872 890
f 871 890 889
f 872 873 891
f 872 891 890
f 873 874 892
f 873 892 891
f 874 875 893
f 874 893 892
f 875 876 894
f 875 894 893
f 876 877 895
f 876 895 894
f 877 878 896
f 877 896 895
f 878 879 897
f 878 897 896
f 879 880 898
f 879 898 897
f 880 881 899
f 880 899 898
f 881 882 900
f 881 900 899
f 882 865 883
f 882 883 900
f 883 884 902
f 883 902 901
f 884 885 903
f 884 903 902
f 885 886 904
f 885 904 903
f 886 887 905
f 886 905 904
f 887 888 906
f 887 906 905
f 888 889 907
f 888 907 906
f 889 890 908
f 889 908 907
f 890 891 909
f 890 909 908
f 891 892 910
f 891 910 909
f 892 893 911
f 892 911 910
f 893 894 912
f 893 912 911
f 894 895 913
f 894 913 912
f 895 896 914
f 895 914 913
f 896 897 915
f 896 915 914
f 897 898 916
f 897 916 915
f 898 899 917
f 898 917 916
f 899 900 918
f 899 918 917
f 900 883 901
f 900 901 918
f 901 902 920
f 901 920 919
f 902 903 921
f 902 921 920
f 903 904 922
f 903 922 921
f 904 905 923
f 904 923 922
f 905 906 924
f 905 924 923
f 906 907 925
f 906 925 924
f 907 908 926
f 907 926 925
f 908 909 927
f 908 927 926
f 909 910 928
f 909 928 927
f 910 911 929
f 910 929 928
f 911 912 930
f 911 930 929
f 912 913 931
f 912 931 930
f 913 914 932
f 913 932 931
f 914 915 933
f 914 933 932
f 915 916 934
f 915 934 933
f 916 917 935
f 916 935 934
f 917 918 936
f 917 936 935
f 918 901 919
f 918 919 936
f 919 920 938
f 919 938 937
f 920 921 939
f 920 939 938
f 921 922 940
f 921 940 939
f 922 923 941
f 922 941 940
f 923 924 942
f 923 942 941
f 924 925 943
f 924 943 942
f 925 926 944
f 925 944 943
f 926 927 945
f 926 945 944
f 927 928 946
f 927 946 945
f 928 929 947
f 928 947 946
f 929 930 948
f 929 948 947
f 930 931 949
f 930 949 948
f 931 932 950
f 931 950 949
f 932 933 951
f 932 951 950
f 933 934 952
f 933 952 951
f 934 935 953
f 934 953 952
f 935 936 954
f 935 954 953
f 936 919 937
f 936 937 954
f 937 938 956
f 937 956 955
f 938 939 957
f 938 957 956
f 939 940 958
f 939 958 957
f 940 941 959
f 940 959 958
f 941 942 960
f 941 960 959
f 942 943 961
f 942 961 960
f 943 944 962
f 943 962 961
f 944 945 963
f 944 963 962
f 945 946 964
f 945 964 963
f 946 947 965
f 946 965 964
f 947 948 966
f 947 966 965
f 948 949 967
f 948 967 966
f 949 950 968
f 949 968 967
f 950 951 969
f 950 969 968
f 951 952 970
f 951 970 969
f 952 953 971
f 952 971 970
f 953 954 972
f 953 972 971
f 954 937 955
f 954 955 972
f 955 956 974
f 955 974 973
f 956 957 975
f 956 975 974
f 957 958 976
f 957 976 975
f 958 959 977
f 958 977 976
f 959 960 978
f 959 978 977
f 960 961 979
f 960 979 978
f 961 962 980
f 961 980 979
f 962 963 981
f 962 981 980
f 963 964 982
f 963 982 981
f 964 965 983
f 964 983 982
f 965 966 984
f 965 984 983
f 966 967 985
f 966 985 984
f 967 968 986
f 967 986 985
f 968 969 987
f 968 987 986
f 969 970 988
f 969 988 987
f 970 971 989
f 970 989 988
f 971 972 990
f 971 990 989
f 972 955 973
f 972 973 990
f 973 974 992
f 973 992 991
f 974 975 993
f 974 993 992
f 975 976 994
f 975 994 993
f 976 977 995
f 976 995 994
f 977 978 996
f 977 996 995
f 978 979 997
f 978 997 996
f 979 980 998
f 979 998 997
f 980 981 999
f 980 999 998
f 981 982 1000
f 981 1000 999
f 982 983 1001
f 982 1001 1000
f 983 984 1002
f 983 1002 1001
f 984 985 1003
f 984 1003 1002
f 985 986 1004
f 985 1004 1003
f 986 987 1005
f 986 1005 1004
f 987 988 1006
f 987 1006 1005
f 988 989 1007
f 988 1007 1006
f 989 990 1008
f 989 1008 1007
f 990 973 991
f 990 991 1008
f 991 992 1010
f 991 1010 1009
f 992 993 1011
f 992 1011 1010
f 993 994 1012
f 993 1012 1011
f 994 995 1013
f 994 1013 1012
f 995 996 1014
f 995 1014 1013
f 996 997 1015
f 996 1015 1014
f 997 998 1016
f 997 1016 1015
f 998 999 1017
f 998 1017 1016
f 999 1000 1018
f 999 1018 1017
f 1000 1001 1019
f 1000 1019 1018
f 1001 1002 1020
f 1001 1020 1019
f 1002 1003 1021
f 1002 1021 1020
f 1003 1004 1022
f 1003 1022 1021
f 1004 1005 1023
f 1004 1023 1022
f 1005 1006 1024
f 1005 1024 1023
f 1006 1007 1025
f 1006 1025 1024
f 1007 1008 1026
f 1007 1026 1025
f 1008 991 1009
f 1008 1009 1026
f 1009 1010 1028
f 1009 1028 1027
f 1010 1011 1029
f 1010 1029 1028
f 1011 1012 1030
f 1011 1030 1029
f 1012 1013 1031
f 1012 1031 1030
f 1013 1014 1032
f 1013 1032 1031
f 1014 1015 1033
f 1014 1033 1032
f 1015 1016 1034
f 1015 1034 1033
f 1016 1017 1035
f 1016 1035 1034
f 1017 1018 1036
f 1017 1036 1035
f 1018 1019 1037
f 1018 1037 1036
f 1019 1020 1038
f 1019 1038 1037
f 1020 1021 1039
f 1020 1039 1038
f 1021 1022 1040
f 1021 1040 1039
f 1022 1023 1041
f 1022 1041 1040
f 1023 1024 1042
f 1023 1042 1041
f 1024 1025 1043
f 1024 1043 1042
f 1025 1026 1044
f 1025 1044 1043
f 1026 1009 1027
f 1026 1027 1044
f 1027 1028 1046
f 1027 1046 1045
f 1028 1029 1047
f 1028 1047 1046
f 1029 1030 1048
f 1029 1048 1047
f 1030 1031 1049
f 1030 1049 1048
f 1031 1032 1050
f 1031 1050 1049
f 1032 1033 1051
f 1032 1051 1050
f 1033 1034 1052
f 1033 1052 1051
f 1034 1035 1053
f 1034 1053 1052
f 1035 1036 1054
f 1035 1054 1053
f 1036 1037 1055
f 1036 1055 1054
f 1037 1038 1056
f 1037 1056 1055
f 1038 1039 1057
f 1038 1057 1056
f 1039 1040 1058
f 1039 1058 1057
f 1040 1041 1059
f 1040 1059 1058
f 1041 1042 1060
f 1041 1060 1059
f 1042 1043 1061
f 1042 1061 1060
f 1043 1044 1062
f 1043 1062 1061
f 1044 1027 1045
f 1044 1045 1062
f 1045 1046 1064
f 1045 1064 1063
f 1046 1047 1065
f 1046 1065 1064
f 1047 1048 1066
f 1047 1066 1065
f 1048 1049 1067
f 1048 1067 1066
f 1049 1050 1068
f 1049 1068 1067
f 1050 1051 1069
f 1050 1069 1068
f 1051 1052 1070
f 1051 1070 1069
f 1052 1053 1071
f 1052 1071 1070
f 1053 1054 1072
f 1053 1072 1071
f 1054 1055 1073
f 1054 1073 1072
f 1055 1056 1074
f 1055 1074 1073
f 1056 1057 1075
f 1056 1075 1074
f 1057 1058 1076
f 1057 1076 1075
f 1058 1059 1077
f 1058 1077 1076
f 1059 1060 1078
f 1059 1078 1077
f 1060 1061 1079
f 1060 1079 1078
f 1061 1062 1080
f 1061 1080 1079
f 1062 1045 1063
f 1062 1063 1080
f 1063 1064 1082
f 1063 1082 1081
f 1064 1065 1083
f 1064 1083 1082
f 1065 1066 1084
f 1065 1084 1083
f 1066 1067 1085
f 1066 1085 1084
f 1067 1068 1086
f 1067 1086 1085
f 1068 1069 1087
f 1068 1087 1086
f 1069 1070 1088
f 1069 1088 1087
f 1070 1071 1089
f 1070 1089 1088
f 1071 1072 1090
f 1071 1090 1089
f 1072 1073 1091
f 1072 1091 1090
f 1073 1074 1092
f 1073 1092 1091
f 1074 1075 1093
f 1074 1093 1092
f 1075 1076 1094
f 1075 1094 1093
f 1076 1077 1095
f 1076 1095 1094
f 1077 1078 1096
f 1077 1096 1095
f 1078 1079 1097
f 1078 1097 1096
f 1079 1080 1098
f 1079 1098 1097
f 1080 1063 1081
f 1080 1081 1098
f 1081 1082 1100
f 1081 1100 1099
f 1082 1083 1101
f 1082 1101 1100
f 1083 1084 1102
f 1083 1102 1101
f 1084 1085 1103
f 1084 1103 1102
f 1085 1086 1104
f 1085 1104 1103
f 1086 1087 1105
f 1086 1105 1104
f 1087 1088 1106
f 1087 1106 1105
f 1088 1089 1107
f 1088 1107 1106
f 1089 1090 1108
f 1089 1108 1107
f 1090 1091 1109
f 1090 1109 1108
f 1091 1092 1110
f 1091 1110 1109
f 1092 1093 1111
f 1092 1111 1110
f 1093 1094 1112
f 1093 1112 1111
f 1094 1095 1113
f 1094 1113 1112
f 1095 1096 1114
f 1095 1114 1113
f 1096 1097 1115
f 1096 1115 1114
f 1097 1098 1116
f 1097 1116 1115
f 1098 1081 1099
f 1098 1099 1116
f 1099 1100 1118
f 1099 1118 1117
f 1100 1101 1119
f 1100 1119 1118
f 1101 1102 1120
f 1101 1120 1119
f 1102 1103 1121
f 1102 1121 1120
f 1103 1104 1122
f 1103 1122 1121
f 1104 1105 1123
f 1104 1123 1122
f 1105 1106 1124
f 1105 1124 1123
f 1106 1107 1125
f 1106 1125 1124
f 1107 1108 1126
f 1107 1126 1125
f 1108 1109 1127
f 1108 1127 1126
f 1109 1110 1128
f 1109 1128 1127
f 1110 1111 1129
f 1110 1129 1128
f 1111 1112 1130
f 1111 1130 1129
f 1112 1113 1131
f 1112 1131 1130
f 1113 1114 1132
f 1113 1132 1131
f 1114 1115 1133
f 1114 1133 1132
f 1115 1116 1134
f 1115 1134 1133
f 1116 1099 1117
f 1116 1117 1134
f 1117 1118 1136
f 1117 1136 1135
f 1118 1119 1137
f 1118 1137 1136
f 1119 1120 1138
f 1119 1138 1137
f 1120 1121 1139
f 1120 1139 1138
f 1121 1122 1140
f 1121 1140 1139
f 1122 1123 1141
f 1122 1141 1140
f 1123 1124 1142
f 1123 1142 1141
f 1124 1125 1143
f 1124 1143 1142
f 1125 1126 1144
f 1125 1144 1143
f 1126 1127 1145
f 1126 1145 1144
f 1127 1128 1146
f 1127 1146 1145
f 1128 1129 1147
f 1128 1147 1146
f 1129 1130 1148
f 1129 1148 1147
f 1130 1131 1149
f 1130 1149 1148
f 1131 1132 1150
f 1131 1150 1149
f 1132 1133 1151
f 1132 1151 1150
f 1133 1134 1152
f 1133 1152 1151
f 1134 1117 1135
f 1134 1135 1152
f 1135 1136 1154
f 1135 1154 1153
f 1136 1137 1155
f 1136 1155 1154
f 1137 1138 1156
f 1137 1156 1155
f 1138 1139 1157
f 1138 1157 1156
f 1139 1140 1158
f 1139 1158 1157
f 1140 1141 1159
f 1140 1159 1158
f 1141 1142 1160
f 1141 1160 1159
f 1142 1143 1161
f 1142 1161 1160
f 1143 1144 1162
f 1143 1162 1161
f 1144 1145 1163
f 1144 1163 1162
f 1145 1146 1164
f 1145 1164 1163
f 1146 1147 1165
f 1146 1165 1164
f 1147 1148 1166
f 1147 1166 1165
f 1148 1149 1167
f 1148 1167 1166
f 1149 1150 1168
f 1149 1168 1167
f 1150 1151 1169
f 1150 1169 1168
f 1151 1152 1170
f 1151 1170 1169
f 1152 1135 1153
f 1152 1153 1170
f 1153 1154 1172
f 1153 1172 1171
f 1154 1155 1173
f 1154 1173 1172
f 1155 1156 1174
f 1155 1174 1173
f 1156 1157 1175
f 1156 1175 1174
f 1157 1158 1176
f 1157 1176 1175
f 1158 1159 1177
f 1158 1177 1176
f 1159 1160 1178
f 1159 1178 1177
f 1160 1161 1179
f 1160 1179 1178
f 1161 1162 1180
f 1161 1180 1179
f 1162 1163 1181
f 1162 1181 1180
f 1163 1164 1182
f 1163 1182 1181
f 1164 1165 1183
f 1164 1183 1182
f 1165 1166 1184
f 1165 1184 1183
f 1166 1167 1185
f 1166 1185 1184
f 1167 1168 1186
f 1167 1186 1185
f 1168 1169 1187
f 1168 1187 1186
f 1169 1170 1188
f 1169 1188 1187
f 1170 1153 1171
f 1170 1171 1188
f 1171 1172 1190
f 1171 1190 1189
f 1172 1173 1191
f 1172 1191 1190
f 1173 1174 1192
f 1173 1192 1191
f 1174 1175 1193
f 1174 1193 1192
f 1175 1176 1194
f 1175 1194 1193
f 1176 1177 1195
f 1176 1195 1194
f 1177 1178 1196
f 1177 1196 1195
f 1178 1179 1197
f 1178 1197 1196
f 1179 1180 1198
f 1179 1198 1197
f 1180 1181 1199
f 1180 1199 1198
f 1181 1182 1200
f 1181 1200 1199
f 1182 1183 1201
f 1182 1201 1200
f 1183 1184 1202
f 1183 1202 1201
f 1184 1185 1203
f 1184 1203 1202
f 1185 1186 1204
f 1185 1204 1203
f 1186 1187 1205
f 1186 1205 1204
f 1187 1188 1206
f 1187 1206 1205
f 1188 1171 1189
f 1188 1189 1206
f 1189 1190 1208
f 1189 1208 1207
f 1190 1191 1209
f 1190 1209 1208
f 1191 1192 1210
f 1191 1210 1209
f 1192 1193 1211
f 1192 1211 1210
f 1193 1194 1212
f 1193 1212 1211
f 1194 1195 1213
f 1194 1213 1212
f 1195 1196 1214
f 1195 1214 1213
f 1196 1197 1215
f 1196 1215 1214
f 1197 1198 1216
f 1197 1216 1215
f 1198 1199 1217
f 1198 1217 1216
f 1199 1200 1218
f 1199 1218 1217
f 1200 1201 1219
f 1200 1219 1218
f 1201 1202 1220
f 1201 1220 1219
f 1202 1203 1221
f 1202 1221 1220
f 1203 1204 1222
f 1203 1222 1221
f 1204 1205 1223
f 1204 1223 1222
f 1205 1206 1224
f 1205 1224 1223
f 1206 1189 1207
f 1206 1207 1224
f 1207 1208 1226
f 1207 1226 1225
f 1208 1209 1227
f 1208 1227 1226
f 1209 1210 1228
f 1209 1228 1227
f 1210 1211 1229
f 1210 1229 1228
f 1211 1212 1230
f 1211 1230 1229
f 1212 1213 1231
f 1212 1231 1230
f 1213 1214 1232
f 1213 1232 1231
f 1214 1215 1233
f 1214 1233 1232
f 1215 1216 1234
f 1215 1234 1233
f 1216 1217 1235
f 1216 1235 1234
f 1217 1218 1236
f 1217 1236 1235
f 1218 1219 1237
f 1218 1237 1236
f 1219 1220 1238
f 1219 1238 1237
f 1220 1221 1239
f 1220 1239 1238
f 1221 1222 1240
f 1221 1240 1239
f 1222 1223 1241
f 1222 1241 1240
f 1223 1224 1242
f 1223 1242 1241
f 1224 1207 1225
f 1224 1225 1242
f 1225 1226 1244
f 1225 1244 1243
f 1226 1227 1245
f 1226 1245 1244
f 1227 1228 1246
f 1227 1246 1245
f 1228 1229 1247
f 1228 1247 1246
f 1229 1230 1248
f 1229 1248 1247
f 1230 1231 1249
f 1230 1249 1248
f 1231 1232 1250
f 1231 1250 1249
f 1232 1233 1251
f 1232 1251 1250
f 1233 1234 1252
f 1233 1252 1251
f 1234 1235 1253
f 1234 1253 1252
f 1235 1236 1254
f 1235 1254 1253
f 1236 1237 1255
f 1236 1255 1254
f 1237 1238 1256
f 1237 1256 1255
f 1238 1239 1257
f 1238 1257 1256
f 1239 1240 1258
f 1239 1258 1257
f 1240 1241 1259
f 1240 1259 1258
f 1241 1242 1260
f 1241 1260 1259
f 1242 1225 1243
f 1242 1243 1260
f 1243 1244 1262
f 1243 1262 1261
f 1244 1245 1263
f 1244 1263 1262
f 1245 1246 1264
f 1245 1264 1263
f 1246 1247 1265
f 1246 1265 1264
f 1247 1248 1266
f 1247 1266 1265
f 1248 1249 1267
f 1248 1267 1266
f 1249 1250 1268
f 1249 1268 1267
f 1250 1251 1269
f 1250 1269 1268
f 1251 1252 1270
f 1251 1270 1269
f 1252 1253 1271
f 1252 1271 1270
f 1253 1254 1272
f 1253 1272 1271
f 1254 1255 1273
f 1254 1273 1272
f 1255 1256 1274
f 1255 1274 1273
f 1256 1257 1275
f 1256 1275 1274
f 1257 1258 1276
f 1257 1276 1275
f 1258 1259 1277
f 1258 1277 1276
f 1259 1260 1278
f 1259 1278 1277
f 1260 1243 1261
f 1260 1261 1278
f 1261 1262 1280
f 1261 1280 1279
f 1262 1263 1281
f 1262 1281 1280
f 1263 1264 1282
f 1263 1282 1281
f 1264 1265 1283
f 1264 1283 1282
f 1265 1266 1284
f 1265 1284 1283
f 1266 1267 1285
f 1266 1285 1284
f 1267 1268 1286
f 1267 1286 1285
f 1268 1269 1287
f 1268 1287 1286
f 1269 1270 1288
f 1269 1288 1287
f 1270 1271 1289
f 1270 1289 1288
f 1271 1272 1290
f 1271 1290 1289
f 1272 1273 1291
f 1272 1291 1290
f 1273 1274 1292
f 1273 1292 1291
f 1274 1275 1293
f 1274 1293 1292
f 1275 1276 1294
f 1275 1294 1293
f 1276 1277 1295
f 1276 1295 1294
f 1277 1278 1296
f 1277 1296 1295
f 1278 1261 1279
f 1278 1279 1296
f 1279 1280 1298
f 1279 1298 1297
f 1280 1281 1299
f 1280 1299 1298
f 1281 1282 1300
f 1281 1300 1299
f 1282 1283 1301
f 1282 1301 1300
f 1283 1284 1302
f 1283 1302 1301
f 1284 1285 1303
f 1284 1303 1302
f 1285 1286 1304
f 1285 1304 1303
f 1286 1287 1305
f 1286 1305 1304
f 1287 1288 1306
f 1287 1306 1305
f 1288 1289 1307
f 1288 1307 1306
f 1289 1290 1308
f 1289 1308 1307
f 1290 1291 1309
f 1290 1309 1308
f 1291 1292 1310
f 1291 1310 1309
f 1292 1293 1311
f 1292 1311 1310
f 1293 1294 1312
f 1293 1312 1311
f 1294 1295 1313
f 1294 1313 1312
f 1295 1296 1314
f 1295 1314 1313
f 1296 1279 1297
f 1296 1297 1314
f 1297 1298 1316
f 1297 1316 1315
f 1298 1299 1317
f 1298 1317 1316
f 1299 1300 1318
f 1299 1318 1317
f 1300 1301 1319
f 1300 1319 1318
f 1301 1302 1320
f 1301 1320 1319
f 1302 1303 1321
f 1302 1321 1320
f 1303 1304 1322
f 1303 1322 1321
f 1304 1305 1323
f 1304 1323 1322
f 1305 1306 1324
f 1305 1324 1323
f 1306 1307 1325
f 1306 1325 1324
f 1307 1308 1326
f 1307 1326 1325
f 1308 1309 1327
f 1308 1327 1326
f 1309 1310 1328
f 1309 1328 1327
f 1310 1311 1329
f 1310 1329 1328
f 1311 1312 1330
f 1311 1330 1329
f 1312 1313 1331
f 1312 1331 1330
f 1313 1314 1332
f 1313 1332 1331
f 1314 1297 1315
f 1314 1315 1332
f 1315 1316 1334
f 1315 1334 1333
f 1316 1317 1335
f 1316 1335 1334
f 1317 1318 1336
f 1317 1336 1335
f 1318 1319 1337
f 1318 1337 1336
f 1319 1320 1338
f 1319 1338 1337
f 1320 1321 1339
f 1320 1339 1338
f 1321 1322 1340
f 1321 1340 1339
f 1322 1323 1341
f 1322 1341 1340
f 1323 1324 1342
f 1323 1342 1341
f 1324 1325 1343
f 1324 1343 1342
f 1325 1326 1344
f 1325 1344 1343
f 1326 1327 1345
f 1326 1345 1344
f 1327 1328 1346
f 1327 1346 1345
f 1328 1329 1347
f 1328 1347 1346
f 1329 1330 1348
f 1329 1348 1347
f 1330 1331 1349
f 1330 1349 1348
f 1331 1332 1350
f 1331 1350 1349
f 1332 1315 1333
f 1332 1333 1350
f 1333 1334 1352
f 1333 1352 1351
f 1334 1335 1353
f 1334 1353 1352
f 1335 1336 1354
f 1335 1354 1353
f 1336 1337 1355
f 1336 1355 1354
f 1337 1338 1356
f 1337 1356 1355
f 1338 1339 1357
f 1338 1357 1356
f 1339 1340 1358
f 1339 1358 1357
f 1340 1341 1359
f 1340 1359 1358
f 1341 1342 1360
f 1341 1360 1359
f 1342 1343 1361
f 1342 1361 1360
f 1343 1344 1362
f 1343 1362 1361
f 1344 1345 1363
f 1344 1363 1362
f 1345 1346 1364
f 1345 1364 1363
f 1346 1347 1365
f 1346 1365 1364
f 1347 1348 1366
f 1347 1366 1365
f 1348 1349 1367
f 1348 1367 1366
f 1349 1350 1368
f 1349 1368 1367
f 1350 1333 1351
f 1350 1351 1368
f 1351 1352 1370
f 1351 1370 1369
f 1352 1353 1371
f 1352 1371 1370
f 1353 1354 1372
f 1353 1372 1371
f 1354 1355 1373
f 1354 1373 1372
f 1355 1356 1374
f 1355 1374 1373
f 1356 1357 1375
f 1356 1375 1374
f 1357 1358 1376
f 1357 1376 1375
f 1358 1359 1377
f 1358 1377 1376
f 1359 1360 1378
f 1359 1378 1377
f 1360 1361 1379
f 1360 1379 1378
f 1361 1362 1380
f 1361 1380 1379
f 1362 1363 1381
f 1362 1381 1380
f 1363 1364 1382
f 1363 1382 1381
f 1364 1365 1383
f 1364 1383 1382
f 1365 1366 1384
f 1365 1384 1383
f 1366 1367 1385
f 1366 1385 1384
f 1367 1368 1386
f 1367 1386 1385
f 1368 1351 1369
f 1368 1369 1386
f 1369 1370 1388
f 1369 1388 1387
f 1370 1371 1389
f 1370 1389 1388
f 1371 1372 1390
f 1371 1390 1389
f 1372 1373 1391
f 1372 1391 1390
f 1373 1374 1392
f 1373 1392 1391
f 1374 1375 1393
f 1374 1393 1392
f 1375 1376 1394
f 1375 1394 1393
f 1376 1377 1395
f 1376 1395 1394
f 1377 1378 1396
f 1377 1396 1395
f 1378 1379 1397
f 1378 1397 1396
f 1379 1380 1398
f 1379 1398 1397
f 1380 1381 1399
f 1380 1399 1398
f 1381 1382 1400
f 1381 1400 1399
f 1382 1383 1401
f 1382 1401 1400
f 1383 1384 1402
f 1383 1402 1401
f 1384 1385 1403
f 1384 1403 1402
f 1385 1386 1404
f 1385 1404 1403
f 1386 1369 1387
f 1386 1387 1404
f 1387 1388 1406
f 1387 1406 1405
f 1388 1389 1407
f 1388 1407 1406
f 1389 1390 1408
f 1389 1408 1407
f 1390 1391 1409
f 1390 1409 1408
f 1391 1392 1410
f 1391 1410 1409
f 1392 1393 1411
f 1392 1411 1410
f 1393 1394 1412
f 1393 1412 1411
f 1394 1395 1413
f 1394 1413 1412
f 1395 1396 1414
f 1395 1414 1413
f 1396 1397 1415
f 1396 1415 1414
f 1397 1398 1416
f 1397 1416 1415
f 1398 1399 1417
f 1398 1417 1416
f 1399 1400 1418
f 1399 1418 1417
f 1400 1401 1419
f 1400 1419 1418
f 1401 1402 1420
f 1401 1420 1419
f 1402 1403 1421
f 1402 1421 1420
f 1403 1404 1422
f 1403 1422 1421
f 1404 1387 1405
f 1404 1405 1422
f 1405 1406 1424
f 1405 1424 1423
f 1406 1407 1425
f 1406 1425 1424
f 1407 1408 1426
f 1407 1426 1425
f 1408 1409 1427
f 1408 1427 1426
f 1409 1410 1428
f 1409 1428 1427
f 1410 1411 1429
f 1410 1429 1428
f 1411 1412 1430
f 1411 1430 1429
f 1412 1413 1431
f 1412 1431 1430
f 1413 1414 1432
f 1413 1432 1431
f 1414 1415 1433
f 1414 1433 1432
f 1415 1416 1434
f 1415 1434 1433
f 1416 1417 1435
f 1416 1435 1434
f 1417 1418 1436
f 1417 1436 1435
f 1418 1419 1437
f 1418 1437 1436
f 1419 1420 1438
f 1419 1438 1437
f 1420 1421 1439
f 1420 1439 1438
f 1421 1422 1440
f 1421 1440 1439
f 1422 1405 1423
f 1422 1423 1440
f 1423 1424 1442
f 1423 1442 1441
f 1424 1425 1443
f 1424 1443 1442
f 1425 1426 1444
f 1425 1444 1443
f 1426 1427 1445
f 1426 1445 1444
f 1427 1428 1446
f 1427 1446 1445
f 1428 1429 1447
f 1428 1447 1446
f 1429 1430 1448
f 1429 1448 1447
f 1430 1431 1449
f 1430 1449 1448
f 1431 1432 1450
f 1431 1450 1449
f 1432 1433 1451
f 1432 1451 1450
f 1433 1434 1452
f 1433 1452 1451
f 1434 1435 1453
f 1434 1453 1452
f 1435 1436 1454
f 1435 1454 1453
f 1436 1437 1455
f 1436 1455 1454
f 1437 1438 1456
f 1437 1456 1455
f 1438 1439 1457
f 1438 1457 1456
f 1439 1440 1458
f 1439 1458 1457
f 1440 1423 1441
f 1440 1441 1458
f 1441 1442 1460
f 1441 1460 1459
f 1442 1443 1461
f 1442 1461 1460
f 1443 1444 1462
f 1443 1462 1461
f 1444 1445 1463
f 1444 1463 1462
f 1445 1446 1464
f 1445 1464 1463
f 1446 1447 1465
f 1446 1465 1464
f 1447 1448 1466
f 1447 1466 1465
f 1448 1449 1467
f 1448 1467 1466
f 1449 1450 1468
f 1449 1468 1467
f 1450 1451 1469
f 1450 1469 1468
f 1451 1452 1470
f 1451 1470 1469
f 1452 1453 1471
f 1452 1471 1470
f 1453 1454 1472
f 1453 1472 1471
f 1454 1455 1473
f 1454 1473 1472
f 1455 1456 1474
f 1455 1474 1473
f 1456 1457 1475
f 1456 1475 1474
f 1457 1458 1476
f 1457 1476 1475
f 1458 1441 1459
f 1458 1459 1476
f 1459 1460 1478
f 1459 1478 1477
f 1460 1461 1479
f 1460 1479 1478
f 1461 1462 1480
f 1461 1480 1479
f 1462 1463 1481
f 1462 1481 1480
f 1463 1464 1482
f 1463 1482 1481
f 1464 1465 1483
f 1464 1483 1482
f 1465 1466 1484
f 1465 1484 1483
f 1466 1467 1485
f 1466 1485 1484
f 1467 1468 1486
f 1467 1486 1485
f 1468 1469 1487
f 1468 1487 1486
f 1469 1470 1488
f 1469 1488 1487
f 1470 1471 1489
f 1470 1489 1488
f 1471 1472 1490
f 1471 1490 1489
f 1472 1473 1491
f 1472 1491 1490
f 1473 1474 1492
f 1473 1492 1491
f 1474 1475 1493
f 1474 1493 1492
f 1475 1476 1494
f 1475 1494 1493
f 1476 1459 1477
f 1476 1477 1494
f 1477 1478 1496
f 1477 1496 1495
f 1478 1479 1497
f 1478 1497 1496
f 1479 1480 1498
f 1479 1498 1497
f 1480 1481 1499
f 1480 1499 1498
f 1481 1482 1500
f 1481 1500 1499
f 1482 1483 1501
f 1482 1501 1500
f 1483 1484 1502
f 1483 1502 1501
f 1484 1485 1503
f 1484 1503 1502
f 1485 1486 1504
f 1485 1504 1503
f 1486 1487 1505
f 1486 1505 1504
f 1487 1488 1506
f 1487 1506 1505
f 1488 1489 1507
f 1488 1507 1506
f 1489 1490 1508
f 1489 1508 1507
f 1490 1491 1509
f 1490 1509 1508
f 1491 1492 1510
f 1491 1510 1509
f 1492 1493 1511
f 1492 1511 1510
f 1493 1494 1512
f 1493 1512 1511
f 1494 1477 1495
f 1494 1495 1512
f 1495 1496 1514
f 1495 1514 1513
f 1496 1497 1515
f 1496 1515 1514
f 1497 1498 1516
f 1497 1516 1515
f 1498 1499 1517
f 1498 1517 1516
f 1499 1500 1518
f 1499 1518 1517
f 1500 1501 1519
f 1500 1519 1518
f 1501 1502 1520
f 1501 1520 1519
f 1502 1503 1521
f 1502 1521 1520
f 1503 1504 1522
f 1503 1522 1521
f 1504 1505 1523
f 1504 1523 1522
f 1505 1506 1524
f 1505 1524 1523
f 1506 1507 1525
f 1506 1525 1524
f 1507 1508 1526
f 1507 1526 1525
f 1508 1509 1527
f 1508 1527 1526
f 1509 1510 1528
f 1509 1528 1527
f 1510 1511 1529
f 1510 1529 1528
f 1511 1512 1530
f 1511 1530 1529
f 1512 1495 1513
f 1512 1513 1530
f 1513 1514 1532
f 1513 1532 1531
f 1514 1515 1533
f 1514 1533 1532
f 1515 1516 1534
f 1515 1534 1533
f 1516 1517 1535
f 1516 1535 1534
f 1517 1518 1536
f 1517 1536 1535
f 1518 1519 1537
f 1518 1537 1536
f 1519 1520 1538
f 1519 1538 1537
f 1520 1521 1539
f 1520 1539 1538
f 1521 1522 1540
f 1521 1540 1539
f 1522 1523 1541
f 1522 1541 1540
f 1523 1524 1542
f 1523 1542 1541
f 1524 1525 1543
f 1524 1543 1542
f 1525 1526 1544
f 1525 1544 1543
f 1526 1527 1545
f 1526 1545 1544
f 1527 1528 1546
f 1527 1546 1545
f 1528 1529 1547
f 1528 1547 1546
f 1529 1530 1548
f 1529 1548 1547
f 1530 1513 1531
f 1530 1531 1548
f 1531 1532 1550
f 1531 1550 1549
f 1532 1533 1551
f 1532 1551 1550
f 1533 1534 1552
f 1533 1552 1551
f 1534 1535 1553
f 1534 1553 1552
f 1535 1536 1554
f 1535 1554 1553
f 1536 1537 1555
f 1536 1555 1554
f 1537 1538 1556
f 1537 1556 1555
f 1538 1539 1557
f 1538 1557 1556
f 1539 1540 1558
f 1539 1558 1557
f 1540 1541 1559
f 1540 1559 1558
f 1541 1542 1560
f 1541 1560 1559
f 1542 1543 1561
f 1542 1561 1560
f 1543 1544 1562
f 1543 1562 1561
f 1544 1545 1563
f 1544 1563 1562
f 1545 1546 1564
f 1545 1564 1563
f 1546 1547 1565
f 1546 1565 1564
f 1547 1548 1566
f 1547 1566 1565
f 1548 1531 1549
f 1548 1549 1566
f 1549 1550 1568
f 1549 1568 1567
f 1550 1551 1569
f 1550 1569 1568
f 1551 1552 1570
f 1551 1570 1569
f 1552 1553 1571
f 1552 1571 1570
f 1553 1554 1572
f 1553 1572 1571
f 1554 1555 1573
f 1554 1573 1572
f 1555 1556 1574
f 1555 1574 1573
f 1556 1557 1575
f 1556 1575 1574
f 1557 1558 1576
f 1557 1576 1575
f 1558 1559 1577
f 1558 1577 1576
f 1559 1560 1578
f 1559 1578 1577
f 1560 1561 1579
f 1560 1579 1578
f 1561 1562 1580
f 1561 1580 1579
f 1562 1563 1581
f 1562 1581 1580
f 1563 1564 1582
f 1563 1582 1581
f 1564 1565 1583
f 1564 1583 1582
f 1565 1566 1584
f 1565 1584 1583
f 1566 1549 1567
f 1566 1567 1584
f 1567 1568 1586
f 1567 1586 1585
f 1568 1569 1587
f 1568 1587 1586
f 1569 1570 1588
f 1569 1588 1587
f 1570 1571 1589
f 1570 1589 1588
f 1571 1572 1590
f 1571 1590 1589
f 1572 1573 1591
f 1572 1591 1590
f 1573 1574 1592
f 1573 1592 1591
f 1574 1575 1593
f 1574 1593 1592
f 1575 1576 1594
f 1575 1594 1593
f 1576 1577 1595
f 1576 1595 1594
f 1577 1578 1596
f 1577 1596 1595
f 1578 1579 1597
f 1578 1597 1596
f 1579 1580 1598
f 1579 1598 1597
f 1580 1581 1599
f 1580 1599 1598
f 1581 1582 1600
f 1581 1600 1599
f 1582 1583 1601
f 1582 1601 1600
f 1583 1584 1602
f 1583 1602 1601
f 1584 1567 1585
f 1584 1585 1602
f 1585 1586 1604
f 1585 1604 1603
f 1586 1587 1605
f 1586 1605 1604
f 1587 1588 1606
f 1587 1606 1605
f 1588 1589 1607
f 1588 1607 1606
f 1589 1590 1608
f 1589 1608 1607
f 1590 1591 1609
f 1590 1609 1608
f 1591 1592 1610
f 1591 1610 1609
f 1592 1593 1611
f 1592 1611 1610
f 1593 1594 1612
f 1593 1612 1611
f 1594 1595 1613
f 1594 1613 1612
f 1595 1596 1614
f 1595 1614 1613
f 1596 1597 1615
f 1596 1615 1614
f 1597 1598 1616
f 1597 1616 1615
f 1598 1599 1617
f 1598 1617 1616
f 1599 1600 1618
f 1599 1618 1617
f 1600 1601 1619
f 1600 1619 1618
f 1601 1602 1620
f 1601 1620 1619
f 1602 1585 1603
f 1602 1603 1620
f 1603 1604 1622
f 1603 1622 1621
f 1604 1605 1623
f 1604 1623 1622
f 1605 1606 1624
f 1605 1624 1623
f 1606 1607 1625
f 1606 1625 1624
f 1607 1608 1626
f 1607 1626 1625
f 1608 1609 1627
f 1608 1627 1626
f 1609 1610 1628
f 1609 1628 1627
f 1610 1611 1629
f 1610 1629 1628
f 1611 1612 1630
f 1611 1630 1629
f 1612 1613 1631
f 1612 1631 1630
f 1613 1614 1632
f 1613 1632 1631
f 1614 1615 1633
f 1614 1633 1632
f 1615 1616 1634
f 1615 1634 1633
f 1616 1617 1635
f 1616 1635 1634
f 1617 1618 1636
f 1617 1636 1635
f 1618 1619 1637
f 1618 1637 1636
f 1619 1620 1638
f 1619 1638 1637
f 1620 1603 1621
f 1620 1621 1638
f 1621 1622 1640
f 1621 1640 1639
f 1622 1623 1641
f 1622 1641 1640
f 1623 1624 1642
f 1623 1642 1641
f 1624 1625 1643
f 1624 1643 1642
f 1625 1626 1644
f 1625 1644 1643
f 1626 1627 1645
f 1626 1645 1644
f 1627 1628 1646
f 1627 1646 1645
f 1628 1629 1647
f 1628 1647 1646
f 1629 1630 1648
f 1629 1648 1647
f 1630 1631 1649
f 1630 1649 1648
f 1631 1632 1650
f 1631 1650 1649
f 1632 1633 1651
f 1632 1651 1650
f 1633 1634 1652
f 1633 1652 1651
f 1634 1635 1653
f 1634 1653 1652
f 1635 1636 1654
f 1635 1654 1653
f 1636 1637 1655
f 1636 1655 1654
f 1637 1638 1656
f 1637 1656 1655
f 1638 1621 1639
f 1638 1639 1656
f 1639 1640 1658
f 1639 1658 1657
f 1640 1641 1659
f 1640 1659 1658
f 1641 1642 1660
f 1641 1660 1659
f 1642 1643 1661
f 1642 1661 1660
f 1643 1644 1662
f 1643 1662 1661
f 1644 1645 1663
f 1644 1663 1662
f 1645 1646 1664
f 1645 1664 1663
f 1646 1647 1665
f 1646 1665 1664
f 1647 1648 1666
f 1647 1666 1665
f 1648 1649 1667
f 1648 1667 1666
f 1649 1650 1668
f 1649 1668 1667
f 1650 1651 1669
f 1650 1669 1668
f 1651 1652 1670
f 1651 1670 1669
f 1652 1653 1671
f 1652 1671 1670
f 1653 1654 1672
f 1653 1672 1671
f 1654 1655 1673
f 1654 1673 1672
f 1655 1656 1674
f 1655 1674 1673
f 1656 1639 1657
f 1656 1657 1674
f 1657 1658 1676
f 1657 1676 1675
f 1658 1659 1677
f 1658 1677 1676
f 1659 1660 1678
f 1659 1678 1677
f 1660 1661 1679
f 1660 1679 1678
f 1661 1662 1680
f 1661 1680 1679
f 1662 1663 1681
f 1662 1681 1680
f 1663 1664 1682
f 1663 1682 1681
f 1664 1665 1683
f 1664 1683 1682
f 1665 1666 1684
f 1665 1684 1683
f 1666 1667 1685
f 1666 1685 1684
f 1667 1668 1686
f 1667 1686 1685
f 1668 1669 1687
f 1668 1687 1686
f 1669 1670 1688
f 1669 1688 1687
f 1670 1671 1689
f 1670 1689 1688
f 1671 1672 1690
f 1671 1690 1689
f 1672 1673 1691
f 1672 1691 1690
f 1673 1674 1692
f 1673 1692 1691
f 1674 1657 1675
f 1674 1675 1692
f 1675 1676 1694
f 1675 1694 1693
f 1676 1677 1695
f 1676 1695 1694
f 1677 1678 1696
f 1677 1696 1695
f 1678 1679 1697
f 1678 1697 1696
f 1679 1680 1698
f 1679 1698 1697
f 1680 1681 1699
f 1680 1699 1698
f 1681 1682 1700
f 1681 1700 1699
f 1682 1683 1701
f 1682 1701 1700
f 1683 1684 1702
f 1683 1702 1701
f 1684 1685 1703
f 1684 1703 1702
f 1685 1686 1704
f 1685 1704 1703
f 1686 1687 1705
f 1686 1705 1704
f 1687 1688 1706
f 1687 1706 1705
f 1688 1689 1707
f 1688 1707 1706
f 1689 1690 1708
f 1689 1708 1707
f 1690 1691 1709
f 1690 1709 1708
f 1691 1692 1710
f 1691 1710 1709
f 1692 1675 1693
f 1692 1693 1710
f 1693 1694 1712
f 1693 1712 1711
f 1694 1695 1713
f 1694 1713 1712
f 1695 1696 1714
f 1695 1714 1713
f 1696 1697 1715
f 1696 1715 1714
f 1697 1698 1716
f 1697 1716 1715
f 1698 1699 1717
f 1698 1717 1716
f 1699 1700 1718
f 1699 1718 1717
f 1700 1701 1719
f 1700 1719 1718
f 1701 1702 1720
f 1701 1720 1719
f 1702 1703 1721
f 1702 1721 1720
f 1703 1704 1722
f 1703 1722 1721
f 1704 1705 1723
f 1704 1723 1722
f 1705 1706 1724
f 1705 1724 1723
f 1706 1707 1725
f 1706 1725 1724
f 1707 1708 1726
f 1707 1726 1725
f 1708 1709 1727
f 1708 1727 1726
f 1709 1710 1728
f 1709 1728 1727
f 1710 1693 1711
f 1710 1711 1728
f 1711 1712 1730
f 1711 1730 1729
f 1712 1713 1731
f 1712 1731 1730
f 1713 1714 1732
f 1713 1732 1731
f 1714 1715 1733
f 1714 1733 1732
f 1715 1716 1734
f 1715 1734 1733
f 1716 1717 1735
f 1716 1735 1734
f 1717 1718 1736
f 1717 1736 1735
f 1718 1719 1737
f 1718 1737 1736
f 1719 1720 1738
f 1719 1738 1737
f 1720 1721 1739
f 1720 1739 1738
f 1721 1722 1740
f 1721 1740 1739
f 1722 1723 1741
f 1722 1741 1740
f 1723 1724 1742
f 1723 1742 1741
f 1724 1725 1743
f 1724 1743 1742
f 1725 1726 1744
f 1725 1744 1743
f 1726 1727 1745
f 1726 1745 1744
f 1727 1728 1746
f 1727 1746 1745
f 1728 1711 1729
f 1728 1729 1746
f 1729 1730 1748
f 1729 1748 1747
f 1730 1731 1749
f 1730 1749 1748
f 1731 1732 1750
f 1731 1750 1749
f 1732 1733 1751
f 1732 1751 1750
f 1733 1734 1752
f 1733 1752 1751
f 1734 1735 1753
f 1734 1753 1752
f 1735 1736 1754
f 1735 1754 1753
f 1736 1737 1755
f 1736 1755 1754
f 1737 1738 1756
f 1737 1756 1755
f 1738 1739 1757
f 1738 1757 1756
f 1739 1740 1758
f 1739 1758 1757
f 1740 1741 1759
f 1740 1759 1758
f 1741 1742 1760
f 1741 1760 1759
f 1742 1743 1761
f 1742 1761 1760
f 1743 1744 1762
f 1743 1762 1761
f 1744 1745 1763
f 1744 1763 1762
f 1745 1746 1764
f 1745 1764 1763
f 1746 1729 1747
f 1746 1747 1764
f 1747 1748 1766
f 1747 1766 1765
f 1748 1749 1767
f 1748 1767 1766
f 1749 1750 1768
f 1749 1768 1767
f 1750 1751 1769
f 1750 1769 1768
f 1751 1752 1770
f 1751 1770 1769
f 1752 1753 1771
f 1752 1771 1770
f 1753 1754 1772
f 1753 1772 1771
f 1754 1755 1773
f 1754 1773 1772
f 1755 1756 1774
f 1755 1774 1773
f 1756 1757 1775
f 1756 1775 1774
f 1757 1758 1776
f 1757 1776 1775
f 1758 1759 1777
f 1758 1777 1776
f 1759 1760 1778
f 1759 1778 1777
f 1760 1761 1779
f 1760 1779 1778
f 1761 1762 1780
f 1761 1780 1779
f 1762 1763 1781
f 1762 1781 1780
f 1763 1764 1782
f 1763 1782 1781
f 1764 1747 1765
f 1764 1765 1782
f 1765 1766 1784
f 1765 1784 1783
f 1766 1767 1785
f 1766 1785 1784
f 1767 1768 1786
f 1767 1786 1785
f 1768 1769 1787
f 1768 1787 1786
f 1769 1770 1788
f 1769 1788 1787
f 1770 1771 1789
f 1770 1789 1788
f 1771 1772 1790
f 1771 1790 1789
f 1772 1773 1791
f 1772 1791 1790
f 1773 1774 1792
f 1773 1792 1791
f 1774 1775 1793
f 1774 1793 1792
f 1775 1776 1794
f 1775 1794 1793
f 1776 1777 1795
f 1776 1795 1794
f 1777 1778 1796
f 1777 1796 1795
f 1778 1779 1797
f 1778 1797 1796
f 1779 1780 1798
f 1779 1798 1797
f 1780 1781 1799
f 1780 1799 1798
f 1781 1782 1800
f 1781 1800 1799
f 1782 1765 1783
f 1782 1783 1800
f 1783 1784 1802
f 1783 1802 1801
f 1784 1785 1803
f 1784 1803 1802
f 1785 1786 1804
f 1785 1804 1803
f 1786 1787 1805
f 1786 1805 1804
f 1787 1788 1806
f 1787 1806 1805
f 1788 1789 1807
f 1788 1807 1806
f 1789 1790 1808
f 1789 1808 1807
f 1790 1791 1809
f 1790 1809 1808
f 1791 1792 1810
f 1791 1810 1809
f 1792 1793 1811
f 1792 1811 1810
f 1793 1794 1812
f 1793 1812 1811
f 1794 1795 1813
f 1794 1813 1812
f 1795 1796 1814
f 1795 1814 1813
f 1796 1797 1815
f 1796 1815 1814
f 1797 1798 1816
f 1797 1816 1815
f 1798 1799 1817
f 1798 1817 1816
f 1799 1800 1818
f 1799 1818 1817
f 1800 1783 1801
f 1800 1801 1818
f 1801 1802 1820
f 1801 1820 1819
f 1802 1803 1821
f 1802 1821 1820
f 1803 1804 1822
f 1803 1822 1821
f 1804 1805 1823
f 1804 1823 1822
f 1805 1806 1824
f 1805 1824 1823
f 1806 1807 1825
f 1806 1825 1824
f 1807 1808 1826
f 1807 1826 1825
f 1808 1809 1827
f 1808 1827 1826
f 1809 1810 1828
f 1809 1828 1827
f 1810 1811 1829
f 1810 1829 1828
f 1811 1812 1830
f 1811 1830 1829
f 1812 1813 1831
f 1812 1831 1830
f 1813 1814 1832
f 1813 1832 1831
f 1814 1815 1833
f 1814 1833 1832
f 1815 1816 1834
f 1815 1834 1833
f 1816 1817 1835
f 1816 1835 1834
f 1817 1818 1836
f 1817 1836 1835
f 1818 1801 1819
f 1818 1819 1836
f 1819 1820 1838
f 1819 1838 1837
f 1820 1821 1839
f 1820 1839 1838
f 1821 1822 1840
f 1821 1840 1839
f 1822 1823 1841
f 1822 1841 1840
f 1823 1824 1842
f 1823 1842 1841
f 1824 1825 1843
f 1824 1843 1842
f 1825 1826 1844
f 1825 1844 1843
f 1826 1827 1845
f 1826 1845 1844
f 1827 1828 1846
f 1827 1846 1845
f 1828 1829 1847
f 1828 1847 1846
f 1829 1830 1848
f 1829 1848 1847
f 1830 1831 1849
f 1830 1849 1848
f 1831 1832 1850
f 1831 1850 1849
f 1832 1833 1851
f 1832 1851 1850
f 1833 1834 1852
f 1833 1852 1851
f 1834 1835 1853
f 1834 1853 1852
f 1835 1836 1854
f 1835 1854 1853
f 1836 1819 1837
f 1836 1837 1854
f 1837 1838 1856
f 1837 1856 1855
f 1838 1839 1857
f 1838 1857 1856
f 1839 1840 1858
f 1839 1858 1857
f 1840 1841 1859
f 1840 1859 1858
f 1841 1842 1860
f 1841 1860 1859
f 1842 1843 1861
f 1842 1861 1860
f 1843 1844 1862
f 1843 1862 1861
f 1844 1845 1863
f 1844 1863 1862
f 1845 1846 1864
f 1845 1864 1863
f 1846 1847 1865
f 1846 1865 1864
f 1847 1848 1866
f 1847 1866 1865
f 1848 1849 1867
f 1848 1867 1866
f 1849 1850 1868
f 1849 1868 1867
f 1850 1851 1869
f 1850 1869 1868
f 1851 1852 1870
f 1851 1870 1869
f 1852 1853 1871
f 1852 1871 1870
f 1853 1854 1872
f 1853 1872 1871
f 1854 1837 1855
f 1854 1855 1872
f 1855 1856 1874
f 1855 1874 1873
f 1856 1857 1875
f 1856 1875 1874
f 1857 1858 1876
f 1857 1876 1875
f 1858 1859 1877
f 1858 1877 1876
f 1859 1860 1878
f 1859 1878 1877
f 1860 1861 1879
f 1860 1879 1878
f 1861 1862 1880
f 1861 1880 1879
f 1862 1863 1881
f 1862 1881 1880
f 1863 1864 1882
f 1863 1882 1881
f 1864 1865 1883
f 1864 1883 1882
f 1865 1866 1884
f 1865 1884 1883
f 1866 1867 1885
f 1866 1885 1884
f 1867 1868 1886
f 1867 1886 1885
f 1868 1869 1887
f 1868 1887 1886
f 1869 1870 1888
f 1869 1888 1887
f 1870 1871 1889
f 1870 1889 1888
f 1871 1872 1890
f 1871 1890 1889
f 1872 1855 1873
f 1872 1873 1890
f 1873 1874 1892
f 1873 1892 1891
f 1874 1875 1893
f 1874 1893 1892
f 1875 1876 1894
f 1875 1894 1893
f 1876 1877 1895
f 1876 1895 1894
f 1877 1878 1896
f 1877 1896 1895
f 1878 1879 1897
f 1878 1897 1896
f 1879 1880 1898
f 1879 1898 1897
f 1880 1881 1899
f 1880 1899 1898
f 1881 1882 1900
f 1881 1900 1899
f 1882 1883 1901
f 1882 1901 1900
f 1883 1884 1902
f 1883 1902 1901
f 1884 1885 1903
f 1884 1903 1902
f 1885 1886 1904
f 1885 1904 1903
f 1886 1887 1905
f 1886 1905 1904
f 1887 1888 1906
f 1887 1906 1905
f 1888 1889 1907
f 1888 1907 1906
f 1889 1890 1908
f 1889 1908 1907
f 1890 1873 1891
f 1890 1891 1908
f 1891 1892 1910
f 1891 1910 1909
f 1892 1893 1911
f 1892 1911 1910
f 1893 1894 1912
f 1893 1912 1911
f 1894 1895 1913
f 1894 1913 1912
f 1895 1896 1914
f 1895 1914 1913
f 1896 1897 1915
f 1896 1915 1914
f 1897 1898 1916
f 1897 1916 1915
f 1898 1899 1917
f 1898 1917 1916
f 1899 1900 1918
f 1899 1918 1917
f 1900 1901 1919
f 1900 1919 1918
f 1901 1902 1920
f 1901 1920 1919
f 1902 1903 1921
f 1902 1921 1920
f 1903 1904 1922
f 1903 1922 1921
f 1904 1905 1923
f 1904 1923 1922
f 1905 1906 1924
f 1905 1924 1923
f 1906 1907 1925
f 1906 1925 1924
f 1907 1908 1926
f 1907 1926 1925
f 1908 1891 1909
f 1908 1909 1926
f 1909 1910 1928
f 1909 1928 1927
f 1910 1911 1929
f 1910 1929 1928
f 1911 1912 1930
f 1911 1930 1929
f 1912 1913 1931
f 1912 1931 1930
f 1913 1914 1932
f 1913 1932 1931
f 1914 1915 1933
f 1914 1933 1932
f 1915 1916 1934
f 1915 1934 1933
f 1916 1917 1935
f 1916 1935 1934
f 1917 1918 1936
f 1917 1936 1935
f 1918 1919 1937
f 1918 1937 1936
f 1919 1920 1938
f 1919 1938 1937
f 1920 1921 1939
f 1920 1939 1938
f 1921 1922 1940
f 1921 1940 1939
f 1922 1923 1941
f 1922 1941 1940
f 1923 1924 1942
f 1923 1942 1941
f 1924 1925 1943
f 1924 1943 1942
f 1925 1926 1944
f 1925 1944 1943
f 1926 1909 1927
f 1926 1927 1944
f 1927 1928 1946
f 1927 1946 1945
f 1928 1929 1947
f 1928 1947 1946
f 1929 1930 1948
f 1929 1948 1947
f 1930 1931 1949
f 1930 1949 1948
f 1931 1932 1950
f 1931 1950 1949
f 1932 1933 1951
f 1932 1951 1950
f 1933 1934 1952
f 1933 1952 1951
f 1934 1935 1953
f 1934 1953 1952
f 1935 1936 1954
f 1935 1954 1953
f 1936 1937 1955
f 1936 1955 1954
f 1937 1938 1956
f 1937 1956 1955
f 1938 1939 1957
f 1938 1957 1956
f 1939 1940 1958
f 1939 1958 1957
f 1940 1941 1959
f 1940 1959 1958
f 1941 1942 1960
f 1941 1960 1959
f 1942 1943 1961
f 1942 1961 1960
f 1943 1944 1962
f 1943 1962 1961
f 1944 1927 1945
f 1944 1945 1962
f 1945 1946 1964
f 1945 1964 1963
f 1946 1947 1965
f 1946 1965 1964
f 1947 1948 1966
f 1947 1966 1965
f 1948 1949 1967
f 1948 1967 1966
f 1949 1950 1968
f 1949 1968 1967
f 1950 1951 1969
f 1950 1969 1968
f 1951 1952 1970
f 1951 1970 1969
f 1952 1953 1971
f 1952 1971 1970
f 1953 1954 1972
f 1953 1972 1971
f 1954 1955 1973
f 1954 1973 1972
f 1955 1956 1974
f 1955 1974 1973
f 1956 1957 1975
f 1956 1975 1974
f 1957 1958 1976
f 1957 1976 1975
f 1958 1959 1977
f 1958 1977 1976
f 1959 1960 1978
f 1959 1978 1977
f 1960 1961 1979
f 1960 1979 1978
f 1961 1962 1980
f 1961 1980 1979
f 1962 1945 1963
f 1962 1963 1980
f 1963 1964 1982
f 1963 1982 1981
f 1964 1965 1983
f 1964 1983 1982
f 1965 1966 1984
f 1965 1984 1983
f 1966 1967 1985
f 1966 1985 1984
f 1967 1968 1986
f 1967 1986 1985
f 1968 1969 1987
f 1968 1987 1986
f 1969 1970 1988
f 1969 1988 1987
f 1970 1971 1989
f 1970 1989 1988
f 1971 1972 1990
f 1971 1990 1989
f 1972 1973 1991
f 1972 1991 1990
f 1973 1974 1992
f 1973 1992 1991
f 1974 1975 1993
f 1974 1993 1992
f 1975 1976 1994
f 1975 1994 1993
f 1976 1977 1995
f 1976 1995 1994
f 1977 1978 1996
f 1977 1996 1995
f 1978 1979 1997
f 1978 1997 1996
f 1979 1980 1998
f 1979 1998 1997
f 1980 1963 1981
f 1980 1981 1998
f 1981 1982 2000
f 1981 2000 1999
f 1982 1983 2001
f 1982 2001 2000
f 1983 1984 2002
f 1983 2002 2001
f 1984 1985 2003
f 1984 2003 2002
f 1985 1986 2004
f 1985 2004 2003
f 1986 1987 2005
f 1986 2005 2004
f 1987 1988 2006
f 1987 2006 2005
f 1988 1989 2007
f 1988 2007 2006
f 1989 1990 2008
f 1989 2008 2007
f 1990 1991 2009
f 1990 2009 2008
f 1991 1992 2010
f 1991 2010 2009
f 1992 1993 2011
f 1992 2011 2010
f 1993 1994 2012
f 1993 2012 2011
f 1994 1995 2013
f 1994 2013 2012
f 1995 1996 2014
f 1995 2014 2013
f 1996 1997 2015
f 1996 2015 2014
f 1997 1998 2016
f 1997 2016 2015
f 1998 1981 1999
f 1998 1999 2016
f 1999 2000 2018
f 1999 2018 2017
f 2000 2001 2019
f 2000 2019 2018
f 2001 2002 2020
f 2001 2020 2019
f 2002 2003 2021
f 2002 2021 2020
f 2003 2004 2022
f 2003 2022 2021
f 2004 2005 2023
f 2004 2023 2022
f 2005 2006 2024
f 2005 2024 2023
f 2006 2007 2025
f 2006 2025 2024
f 2007 2008 2026
f 2007 2026 2025
f 2008 2009 2027
f 2008 2027 2026
f 2009 2010 2028
f 2009 2028 2027
f 2010 2011 2029
f 2010 2029 2028
f 2011 2012 2030
f 2011 2030 2029
f 2012 2013 2031
f 2012 2031 2030
f 2013 2014 2032
f 2013 2032 2031
f 2014 2015 2033
f 2014 2033 2032
f 2015 2016 2034
f 2015 2034 2033
f 2016 1999 2017
f 2016 2017 2034
f 2017 2018 2036
f 2017 2036 2035
f 2018 2019 2037
f 2018 2037 2036
f 2019 2020 2038
f 2019 2038 2037
f 2020 2021 2039
f 2020 2039 2038
f 2021 2022 2040
f 2021 2040 2039
f 2022 2023 2041
f 2022 2041 2040
f 2023 2024 2042
f 2023 2042 2041
f 2024 2025 2043
f 2024 2043 2042
f 2025 2026 2044
f 2025 2044 2043
f 2026 2027 2045
f 2026 2045 2044
f 2027 2028 2046
f 2027 2046 2045
f 2028 2029 2047
f 2028 2047 2046
f 2029 2030 2048
f 2029 2048 2047
f 2030 2031 2049
f 2030 2049 2048
f 2031 2032 2050
f 2031 2050 2049
f 2032 2033 2051
f 2032 2051 2050
f 2033 2034 2052
f 2033 2052 2051
f 2034 2017 2035
f 2034 2035 2052
f 2035 2036 2054
f 2035 2054 2053
f 2036 2037 2055
f 2036 2055 2054
f 2037 2038 2056
f 2037 2056 2055
f 2038 2039 2057
f 2038 2057 2056
f 2039 2040 2058
f 2039 2058 2057
f 2040 2041 2059
f 2040 2059 2058
f 2041 2042 2060
f 2041 2060 2059
f 2042 2043 2061
f 2042 2061 2060
f 2043 2044 2062
f 2043 2062 2061
f 2044 2045 2063
f 2044 2063 2062
f 2045 2046 2064
f 2045 2064 2063
f 2046 2047 2065
f 2046 2065 2064
f 2047 2048 2066
f 2047 2066 2065
f 2048 2049 2067
f 2048 2067 2066
f 2049 2050 2068
f 2049 2068 2067
f 2050 2051 2069
f 2050 2069 2068
f 2051 2052 2070
f 2051 2070 2069
f 2052 2035 2053
f 2052 2053 2070
f 2053 2054 2072
f 2053 2072 2071
f 2054 2055 2073
f 2054 2073 2072
f 2055 2056 2074
f 2055 2074 2073
f 2056 2057 2075
f 2056 2075 2074
f 2057 2058 2076
f 2057 2076 2075
f 2058 2059 2077
f 2058 2077 2076
f 2059 2060 2078
f 2059 2078 2077
f 2060 2061 2079
f 2060 2079 2078
f 2061 2062 2080
f 2061 2080 2079
f 2062 2063 2081
f 2062 2081 2080
f 2063 2064 2082
f 2063 2082 2081
f 2064 2065 2083
f 2064 2083 2082
f 2065 2066 2084
f 2065 2084 2083
f 2066 2067 2085
f 2066 2085 2084
f 2067 2068 2086
f 2067 2086 2085
f 2068 2069 2087
f 2068 2087 2086
f 2069 2070 2088
f 2069 2088 2087
f 2070 2053 2071
f 2070 2071 2088
f 2071 2072 2090
f 2071 2090 2089
f 2072 2073 2091
f 2072 2091 2090
f 2073 2074 2092
f 2073 2092 2091
f 2074 2075 2093
f 2074 2093 2092
f 2075 2076 2094
f 2075 2094 2093
f 2076 2077 2095
f 2076 2095 2094
f 2077 2078 2096
f 2077 2096 2095
f 2078 2079 2097
f 2078 2097 2096
f 2079 2080 2098
f 2079 2098 2097
f 2080 2081 2099
f 2080 2099 2098
f 2081 2082 2100
f 2081 2100 2099
f 2082 2083 2101
f 2082 2101 2100
f 2083 2084 2102
f 2083 2102 2101
f 2084 2085 2103
f 2084 2103 2102
f 2085 2086 2104
f 2085 2104 2103
f 2086 2087 2105
f 2086 2105 2104
f 2087 2088 2106
f 2087 2106 2105
f 2088 2071 2089
f 2088 2089 2106
f 2089 2090 2108
f 2089 2108 2107
f 2090 2091 2109
f 2090 2109 2108
f 2091 2092 2110
f 2091 2110 2109
f 2092 2093 2111
f 2092 2111 2110
f 2093 2094 2112
f 2093 2112 2111
f 2094 2095 2113
f 2094 2113 2112
f 2095 2096 2114
f 2095 2114 2113
f 2096 2097 2115
f 2096 2115 2114
f 2097 2098 2116
f 2097 2116 2115
f 2098 2099 2117
f 2098 2117 2116
f 2099 2100 2118
f 2099 2118 2117
f 2100 2101 2119
f 2100 2119 2118
f 2101 2102 2120
f 2101 2120 2119
f 2102 2103 2121
f 2102 2121 2120
f 2103 2104 2122
f 2103 2122 2121
f 2104 2105 2123
f 2104 2123 2122
f 2105 2106 2124
f 2105 2124 2123
f 2106 2089 2107
f 2106 2107 2124
f 2107 2108 2126
f 2107 2126 2125
f 2108 2109 2127
f 2108 2127 2126
f 2109 2110 2128
f 2109 2128 2127
f 2110 2111 2129
f 2110 2129 2128
f 2111 2112 2130
f 2111 2130 2129
f 2112 2113 2131
f 2112 2131 2130
f 2113 2114 2132
f 2113 2132 2131
f 2114 2115 2133
f 2114 2133 2132
f 2115 2116 2134
f 2115 2134 2133
f 2116 2117 2135
f 2116 2135 2134
f 2117 2118 2136
f 2117 2136 2135
f 2118 2119 2137
f 2118 2137 2136
f 2119 2120 2138
f 2119 2138 2137
f 2120 2121 2139
f 2120 2139 2138
f 2121 2122 2140
f 2121 2140 2139
f 2122 2123 2141
f 2122 2141 2140
f 2123 2124 2142
f 2123 2142 2141
f 2124 2107 2125
f 2124 2125 2142
f 2125 2126 2144
f 2125 2144 2143
f 2126 2127 2145
f 2126 2145 2144
f 2127 2128 2146
f 2127 2146 2145
f 2128 2129 2147
f 2128 2147 2146
f 2129 2130 2148
f 2129 2148 2147
f 2130 2131 2149
f 2130 2149 2148
f 2131 2132 2150
f 2131 2150 2149
f 2132 2133 2151
f 2132 2151 2150
f 2133 2134 2152
f 2133 2152 2151
f 2134 2135 2153
f 2134 2153 2152
f 2135 2136 2154
f 2135 2154 2153
f 2136 2137 2155
f 2136 2155 2154
f 2137 2138 2156
f 2137 2156 2155
f 2138 2139 2157
f 2138 2157 2156
f 2139 2140 2158
f 2139 2158 2157
f 2140 2141 2159
f 2140 2159 2158
f 2141 2142 2160
f 2141 2160 2159
f 2142 2125 2143
f 2142 2143 2160
f 2143 2144 2162
f 2143 2162 2161
f 2144 2145 2163
f 2144 2163 2162
f 2145 2146 2164
f 2145 2164 2163
f 2146 2147 2165
f 2146 2165 2164
f 2147 2148 2166
f 2147 2166 2165
f 2148 2149 2167
f 2148 2167 2166
f 2149 2150 2168
f 2149 2168 2167
f 2150 2151 2169
f 2150 2169 2168
f 2151 2152 2170
f 2151 2170 2169
f 2152 2153 2171
f 2152 2171 2170
f 2153 2154 2172
f 2153 2172 2171
f 2154 2155 2173
f 2154 2173 2172
f 2155 2156 2174
f 2155 2174 2173
f 2156 2157 2175
f 2156 2175 2174
f 2157 2158 2176
f 2157 2176 2175
f 2158 2159 2177
f 2158 2177 2176
f 2159 2160 2178
f 2159 2178 2177
f 2160 2143 2161
f 2160 2161 2178
f 2161 2162 2180
f 2161 2180 2179
f 2162 2163 2181
f 2162 2181 2180
f 2163 2164 2182
f 2163 2182 2181
f 2164 2165 2183
f 2164 2183 2182
f 2165 2166 2184
f 2165 2184 2183
f 2166 2167 2185
f 2166 2185 2184
f 2167 2168 2186
f 2167 2186 2185
f 2168 2169 2187
f 2168 2187 2186
f 2169 2170 2188
f 2169 2188 2187
f 2170 2171 2189
f 2170 2189 2188
f 2171 2172 2190
f 2171 2190 2189
f 2172 2173 2191
f 2172 2191 2190
f 2173 2174 2192
f 2173 2192 2191
f 2174 2175 2193
f 2174 2193 2192
f 2175 2176 2194
f 2175 2194 2193
f 2176 2177 2195
f 2176 2195 2194
f 2177 2178 2196
f 2177 2196 2195
f 2178 2161 2179
f 2178 2179 2196
f 2179 2180 2198
f 2179 2198 2197
f 2180 2181 2199
f 2180 2199 2198
f 2181 2182 2200
f 2181 2200 2199
f 2182 2183 2201
f 2182 2201 2200
f 2183 2184 2202
f 2183 2202 2201
f 2184 2185 2203
f 2184 2203 2202
f 2185 2186 2204
f 2185 2204 2203
f 2186 2187 2205
f 2186 2205 2204
f 2187 2188 2206
f 2187 2206 2205
f 2188 2189 2207
f 2188 2207 2206
f 2189 2190 2208
f 2189 2208 2207
f 2190 2191 2209
f 2190 2209 2208
f 2191 2192 2210
f 2191 2210 2209
f 2192 2193 2211
f 2192 2211 2210
f 2193 2194 2212
f 2193 2212 2211
f 2194 2195 2213
f 2194 2213 2212
f 2195 2196 2214
f 2195 2214 2213
f 2196 2179 2197
f 2196 2197 2214
f 2197 2198 2216
f 2197 2216 2215
f 2198 2199 2217
f 2198 2217 2216
f 2199 2200 2218
f 2199 2218 2217
f 2200 2201 2219
f 2200 2219 2218
f 2201 2202 2220
f 2201 2220 2219
f 2202 2203 2221
f 2202 2221 2220
f 2203 2204 2222
f 2203 2222 2221
f 2204 2205 2223
f 2204 2223 2222
f 2205 2206 2224
f 2205 2224 2223
f 2206 2207 2225
f 2206 2225 2224
f 2207 2208 2226
f 2207 2226 2225
f 2208 2209 2227
f 2208 2227 2226
f 2209 2210 2228
f 2209 2228 2227
f 2210 2211 2229
f 2210 2229 2228
f 2211 2212 2230
f 2211 2230 2229
f 2212 2213 2231
f 2212 2231 2230
f 2213 2214 2232
f 2213 2232 2231
f 2214 2197 2215
f 2214 2215 2232
f 2215 2216 2234
f 2215 2234 2233
f 2216 2217 2235
f 2216 2235 2234
f 2217 2218 2236
f 2217 2236 2235
f 2218 2219 2237
f 2218 2237 2236
f 2219 2220 2238
f 2219 2238 2237
f 2220 2221 2239
f 2220 2239 2238
f 2221 2222 2240
f 2221 2240 2239
f 2222 2223 2241
f 2222 2241 2240
f 2223 2224 2242
f 2223 2242 2241
f 2224 2225 2243
f 2224 2243 2242
f 2225 2226 2244
f 2225 2244 2243
f 2226 2227 2245
f 2226 2245 2244
f 2227 2228 2246
f 2227 2246 2245
f 2228 2229 2247
f 2228 2247 2246
f 2229 2230 2248
f 2229 2248 2247
f 2230 2231 2249
f 2230 2249 2248
f 2231 2232 2250
f 2231 2250 2249
f 2232 2215 2233
f 2232 2233 2250
f 2233 2234 2252
f 2233 2252 2251
f 2234 2235 2253
f 2234 2253 2252
f 2235 2236 2254
f 2235 2254 2253
f 2236 2237 2255
f 2236 2255 2254
f 2237 2238 2256
f 2237 2256 2255
f 2238 2239 2257
f 2238 2257 2256
f 2239 2240 2258
f 2239 2258 2257
f 2240 2241 2259
f 2240 2259 2258
f 2241 2242 2260
f 2241 2260 2259
f 2242 2243 2261
f 2242 2261 2260
f 2243 2244 2262
f 2243 2262 2261
f 2244 2245 2263
f 2244 2263 2262
f 2245 2246 2264
f 2245 2264 2263
f 2246 2247 2265
f 2246 2265 2264
f 2247 2248 2266
f 2247 2266 2265
f 2248 2249 2267
f 2248 2267 2266
f 2249 2250 2268
f 2249 2268 2267
f 2250 2233 2251
f 2250 2251 2268
f 2251 2252 2270
f 2251 2270 2269
f 2252 2253 2271
f 2252 2271 2270
f 2253 2254 2272
f 2253 2272 2271
f 2254 2255 2273
f 2254 2273 2272
f 2255 2256 2274
f 2255 2274 2273
f 2256 2257 2275
f 2256 2275 2274
f 2257 2258 2276
f 2257 2276 2275
f 2258 2259 2277
f 2258 2277 2276
f 2259 2260 2278
f 2259 2278 2277
f 2260 2261 2279
f 2260 2279 2278
f 2261 2262 2280
f 2261 2280 2279
f 2262 2263 2281
f 2262 2281 2280
f 2263 2264 2282
f 2263 2282 2281
f 2264 2265 2283
f 2264 2283 2282
f 2265 2266 2284
f 2265 2284 2283
f 2266 2267 2285
f 2266 2285 2284
f 2267 2268 2286
f 2267 2286 2285
f 2268 2251 2269
f 2268 2269 2286
f 2269 2270 2288
f 2269 2288 2287
f 2270 2271 2289
f 2270 2289 2288
f 2271 2272 2290
f 2271 2290 2289
f 2272 2273 2291
f 2272 2291 2290
f 2273 2274 2292
f 2273 2292 2291
f 2274 2275 2293
f 2274 2293 2292
f 2275 2276 2294
f 2275 2294 2293
f 2276 2277 2295
f 2276 2295 2294
f 2277 2278 2296
f 2277 2296 2295
f 2278 2279 2297
f 2278 2297 2296
f 2279 2280 2298
f 2279 2298 2297
f 2280 2281 2299
f 2280 2299 2298
f 2281 2282 2300
f 2281 2300 2299
f 2282 2283 2301
f 2282 2301 2300
f 2283 2284 2302
f 2283 2302 2301
f 2284 2285 2303
f 2284 2303 2302
f 2285 2286 2304
f 2285 2304 2303
f 2286 2269 2287
f 2286 2287 2304
f 2287 2288 2306
f 2287 2306 2305
f 2288 2289 2307
f 2288 2307 2306
f 2289 2290 2308
f 2289 2308 2307
f 2290 2291 2309
f 2290 2309 2308
f 2291 2292 2310
f 2291 2310 2309
f 2292 2293 2311
f 2292 2311 2310
f 2293 2294 2312
f 2293 2312 2311
f 2294 2295 2313
f 2294 2313 2312
f 2295 2296 2314
f 2295 2314 2313
f 2296 2297 2315
f 2296 2315 2314
f 2297 2298 2316
f 2297 2316 2315
f 2298 2299 2317
f 2298 2317 2316
f 2299 2300 2318
f 2299 2318 2317
f 2300 2301 2319
f 2300 2319 2318
f 2301 2302 2320
f 2301 2320 2319
f 2302 2303 2321
f 2302 2321 2320
f 2303 2304 2322
f 2303 2322 2321
f 2304 2287 2305
f 2304 2305 2322
f 2305 2306 2324
f 2305 2324 2323
f 2306 2307 2325
f 2306 2325 2324
f 2307 2308 2326
f 2307 2326 2325
f 2308 2309 2327
f 2308 2327 2326
f 2309 2310 2328
f 2309 2328 2327
f 2310 2311 2329
f 2310 2329 2328
f 2311 2312 2330
f 2311 2330 2329
f 2312 2313 2331
f 2312 2331 2330
f 2313 2314 2332
f 2313 2332 2331
f 2314 2315 2333
f 2314 2333 2332
f 2315 2316 2334
f 2315 2334 2333
f 2316 2317 2335
f 2316 2335 2334
f 2317 2318 2336
f 2317 2336 2335
f 2318 2319 2337
f 2318 2337 2336
f 2319 2320 2338
f 2319 2338 2337
f 2320 2321 2339
f 2320 2339 2338
f 2321 2322 2340
f 2321 2340 2339
f 2322 2305 2323
f 2322 2323 2340
f 2323 2324 2342
f 2323 2342 2341
f 2324 2325 2343
f 2324 2343 2342
f 2325 2326 2344
f 2325 2344 2343
f 2326 2327 2345
f 2326 2345 2344
f 2327 2328 2346
f 2327 2346 2345
f 2328 2329 2347
f 2328 2347 2346
f 2329 2330 2348
f 2329 2348 2347
f 2330 2331 2349
f 2330 2349 2348
f 2331 2332 2350
f 2331 2350 2349
f 2332 2333 2351
f 2332 2351 2350
f 2333 2334 2352
f 2333 2352 2351
f 2334 2335 2353
f 2334 2353 2352
f 2335 2336 2354
f 2335 2354 2353
f 2336 2337 2355
f 2336 2355 2354
f 2337 2338 2356
f 2337 2356 2355
f 2338 2339 2357
f 2338 2357 2356
f 2339 2340 2358
f 2339 2358 2357
f 2340 2323 2341
f 2340 2341 2358
f 2341 2342 2360
f 2341 2360 2359
f 2342 2343 2361
f 2342 2361 2360
f 2343 2344 2362
f 2343 2362 2361
f 2344 2345 2363
f 2344 2363 2362
f 2345 2346 2364
f 2345 2364 2363
f 2346 2347 2365
f 2346 2365 2364
f 2347 2348 2366
f 2347 2366 2365
f 2348 2349 2367
f 2348 2367 2366
f 2349 2350 2368
f 2349 2368 2367
f 2350 2351 2369
f 2350 2369 2368
f 2351 2352 2370
f 2351 2370 2369
f 2352 2353 2371
f 2352 2371 2370
f 2353 2354 2372
f 2353 2372 2371
f 2354 2355 2373
f 2354 2373 2372
f 2355 2356 2374
f 2355 2374 2373
f 2356 2357 2375
f 2356 2375 2374
f 2357 2358 2376
f 2357 2376 2375
f 2358 2341 2359
f 2358 2359 2376
f 2359 2360 2378
f 2359 2378 2377
f 2360 2361 2379
f 2360 2379 2378
f 2361 2362 2380
f 2361 2380 2379
f 2362 2363 2381
f 2362 2381 2380
f 2363 2364 2382
f 2363 2382 2381
f 2364 2365 2383
f 2364 2383 2382
f 2365 2366 2384
f 2365 2384 2383
f 2366 2367 2385
f 2366 2385 2384
f 2367 2368 2386
f 2367 2386 2385
f 2368 2369 2387
f 2368 2387 2386
f 2369 2370 2388
f 2369 2388 2387
f 2370 2371 2389
f 2370 2389 2388
f 2371 2372 2390
f 2371 2390 2389
f 2372 2373 2391
f 2372 2391 2390
f 2373 2374 2392
f 2373 2392 2391
f 2374 2375 2393
f 2374 2393 2392
f 2375 2376 2394
f 2375 2394 2393
f 2376 2359 2377
f 2376 2377 2394
f 2377 2378 2396
f 2377 2396 2395
f 2378 2379 2397
f 2378 2397 2396
f 2379 2380 2398
f 2379 2398 2397
f 2380 2381 2399
f 2380 2399 2398
f 2381 2382 2400
f 2381 2400 2399
f 2382 2383 2401
f 2382 2401 2400
f 2383 2384 2402
f 2383 2402 2401
f 2384 2385 2403
f 2384 2403 2402
f 2385 2386 2404
f 2385 2404 2403
f 2386 2387 2405
f 2386 2405 2404
f 2387 2388 2406
f 2387 2406 2405
f 2388 2389 2407
f 2388 2407 2406
f 2389 2390 2408
f 2389 2408 2407
f 2390 2391 2409
f 2390 2409 2408
f 2391 2392 2410
f 2391 2410 2409
f 2392 2393 2411
f 2392 2411 2410
f 2393 2394 2412
f 2393 2412 2411
f 2394 2377 2395
f 2394 2395 2412
f 2395 2396 2414
f 2395 2414 2413
f 2396 2397 2415
f 2396 2415 2414
f 2397 2398 2416
f 2397 2416 2415
f 2398 2399 2417
f 2398 2417 2416
f 2399 2400 2418
f 2399 2418 2417
f 2400 2401 2419
f 2400 2419 2418
f 2401 2402 2420
f 2401 2420 2419
f 2402 2403 2421
f 2402 2421 2420
f 2403 2404 2422
f 2403 2422 2421
f 2404 2405 2423
f 2404 2423 2422
f 2405 2406 2424
f 2405 2424 2423
f 2406 2407 2425
f 2406 2425 2424
f 2407 2408 2426
f 2407 2426 2425
f 2408 2409 2427
f 2408 2427 2426
f 2409 2410 2428
f 2409 2428 2427
f 2410 2411 2429
f 2410 2429 2428
f 2411 2412 2430
f 2411 2430 2429
f 2412 2395 2413
f 2412 2413 2430
f 2413 2414 2432
f 2413 2432 2431
f 2414 2415 2433
f 2414 2433 2432
f 2415 2416 2434
f 2415 2434 2433
f 2416 2417 2435
f 2416 2435 2434
f 2417 2418 2436
f 2417 2436 2435
f 2418 2419 2437
f 2418 2437 2436
f 2419 2420 2438
f 2419 2438 2437
f 2420 2421 2439
f 2420 2439 2438
f 2421 2422 2440
f 2421 2440 2439
f 2422 2423 2441
f 2422 2441 2440
f 2423 2424 2442
f 2423 2442 2441
f 2424 2425 2443
f 2424 2443 2442
f 2425 2426 2444
f 2425 2444 2443
f 2426 2427 2445
f 2426 2445 2444
f 2427 2428 2446
f 2427 2446 2445
f 2428 2429 2447
f 2428 2447 2446
f 2429 2430 2448
f 2429 2448 2447
f 2430 2413 2431
f 2430 2431 2448
f 2431 2432 2450
f 2431 2450 2449
f 2432 2433 2451
f 2432 2451 2450
f 2433 2434 2452
f 2433 2452 2451
f 2434 2435 2453
f 2434 2453 2452
f 2435 2436 2454
f 2435 2454 2453
f 2436 2437 2455
f 2436 2455 2454
f 2437 2438 2456
f 2437 2456 2455
f 2438 2439 2457
f 2438 2457 2456
f 2439 2440 2458
f 2439 2458 2457
f 2440 2441 2459
f 2440 2459 2458
f 2441 2442 2460
f 2441 2460 2459
f 2442 2443 2461
f 2442 2461 2460
f 2443 2444 2462
f 2443 2462 2461
f 2444 2445 2463
f 2444 2463 2462
f 2445 2446 2464
f 2445 2464 2463
f 2446 2447 2465
f 2446 2465 2464
f 2447 2448 2466
f 2447 2466 2465
f 2448 2431 2449
f 2448 2449 2466
f 2449 2450 2468
f 2449 2468 2467
f 2450 2451 2469
f 2450 2469 2468
f 2451 2452 2470
f 2451 2470 2469
f 2452 2453 2471
f 2452 2471 2470
f 2453 2454 2472
f 2453 2472 2471
f 2454 2455 2473
f 2454 2473 2472
f 2455 2456 2474
f 2455 2474 2473
f 2456 2457 2475
f 2456 2475 2474
f 2457 2458 2476
f 2457 2476 2475
f 2458 2459 2477
f 2458 2477 2476
f 2459 2460 2478
f 2459 2478 2477
f 2460 2461 2479
f 2460 2479 2478
f 2461 2462 2480
f 2461 2480 2479
f 2462 2463 2481
f 2462 2481 2480
f 2463 2464 2482
f 2463 2482 2481
f 2464 2465 2483
f 2464 2483 2482
f 2465 2466 2484
f 2465 2484 2483
f 2466 2449 2467
f 2466 2467 2484
f 2467 2468 2486
f 2467 2486 2485
f 2468 2469 2487
f 2468 2487 2486
f 2469 2470 2488
f 2469 2488 2487
f 2470 2471 2489
f 2470 2489 2488
f 2471 2472 2490
f 2471 2490 2489
f 2472 2473 2491
f 2472 2491 2490
f 2473 2474 2492
f 2473 2492 2491
f 2474 2475 2493
f 2474 2493 2492
f 2475 2476 2494
f 2475 2494 2493
f 2476 2477 2495
f 2476 2495 2494
f 2477 2478 2496
f 2477 2496 2495
f 2478 2479 2497
f 2478 2497 2496
f 2479 2480 2498
f 2479 2498 2497
f 2480 2481 2499
f 2480 2499 2498
f 2481 2482 2500
f 2481 2500 2499
f 2482 2483 2501
f 2482 2501 2500
f 2483 2484 2502
f 2483 2502 2501
f 2484 2467 2485
f 2484 2485 2502
f 2485 2486 2504
f 2485 2504 2503
f 2486 2487 2505
f 2486 2505 2504
f 2487 2488 2506
f 2487 2506 2505
f 2488 2489 2507
f 2488 2507 2506
f 2489 2490 2508
f 2489 2508 2507
f 2490 2491 2509
f 2490 2509 2508
f 2491 2492 2510
f 2491 2510 2509
f 2492 2493 2511
f 2492 2511 2510
f 2493 2494 2512
f 2493 2512 2511
f 2494 2495 2513
f 2494 2513 2512
f 2495 2496 2514
f 2495 2514 2513
f 2496 2497 2515
f 2496 2515 2514
f 2497 2498 2516
f 2497 2516 2515
f 2498 2499 2517
f 2498 2517 2516
f 2499 2500 2518
f 2499 2518 2517
f 2500 2501 2519
f 2500 2519 2518
f 2501 2502 2520
f 2501 2520 2519
f 2502 2485 2503
f 2502 2503 2520
f 2503 2504 2522
f 2503 2522 2521
f 2504 2505 2523
f 2504 2523 2522
f 2505 2506 2524
f 2505 2524 2523
f 2506 2507 2525
f 2506 2525 2524
f 2507 2508 2526
f 2507 2526 2525
f 2508 2509 2527
f 2508 2527 2526
f 2509 2510 2528
f 2509 2528 2527
f 2510 2511 2529
f 2510 2529 2528
f 2511 2512 2530
f 2511 2530 2529
f 2512 2513 2531
f 2512 2531 2530
f 2513 2514 2532
f 2513 2532 2531
f 2514 2515 2533
f 2514 2533 2532
f 2515 2516 2534
f 2515 2534 2533
f 2516 2517 2535
f 2516 2535 2534
f 2517 2518 2536
f 2517 2536 2535
f 2518 2519 2537
f 2518 2537 2536
f 2519 2520 2538
f 2519 2538 2537
f 2520 2503 2521
f 2520 2521 2538
f 2521 2522 2540
f 2521 2540 2539
f 2522 2523 2541
f 2522 2541 2540
f 2523 2524 2542
f 2523 2542 2541
f 2524 2525 2543
f 2524 2543 2542
f 2525 2526 2544
f 2525 2544 2543
f 2526 2527 2545
f 2526 2545 2544
f 2527 2528 2546
f 2527 2546 2545
f 2528 2529 2547
f 2528 2547 2546
f 2529 2530 2548
f 2529 2548 2547
f 2530 2531 2549
f 2530 2549 2548
f 2531 2532 2550
f 2531 2550 2549
f 2532 2533 2551
f 2532 2551 2550
f 2533 2534 2552
f 2533 2552 2551
f 2534 2535 2553
f 2534 2553 2552
f 2535 2536 2554
f 2535 2554 2553
f 2536 2537 2555
f 2536 2555 2554
f 2537 2538 2556
f 2537 2556 2555
f 2538 2521 2539
f 2538 2539 2556
f 2539 2540 2558
f 2539 2558 2557
f 2540 2541 2559
f 2540 2559 2558
f 2541 2542 2560
f 2541 2560 2559
f 2542 2543 2561
f 2542 2561 2560
f 2543 2544 2562
f 2543 2562 2561
f 2544 2545 2563
f 2544 2563 2562
f 2545 2546 2564
f 2545 2564 2563
f 2546 2547 2565
f 2546 2565 2564
f 2547 2548 2566
f 2547 2566 2565
f 2548 2549 2567
f 2548 2567 2566
f 2549 2550 2568
f 2549 2568 2567
f 2550 2551 2569
f 2550 2569 2568
f 2551 2552 2570
f 2551 2570 2569
f 2552 2553 2571
f 2552 2571 2570
f 2553 2554 2572
f 2553 2572 2571
f 2554 2555 2573
f 2554 2573 2572
f 2555 2556 2574
f 2555 2574 2573
f 2556 2539 2557
f 2556 2557 2574
f 2557 2558 2576
f 2557 2576 2575
f 2558 2559 2577
f 2558 2577 2576
f 2559 2560 2578
f 2559 2578 2577
f 2560 2561 2579
f 2560 2579 2578
f 2561 2562 2580
f 2561 2580 2579
f 2562 2563 2581
f 2562 2581 2580
f 2563 2564 2582
f 2563 2582 2581
f 2564 2565 2583
f 2564 2583 2582
f 2565 2566 2584
f 2565 2584 2583
f 2566 2567 2585
f 2566 2585 2584
f 2567 2568 2586
f 2567 2586 2585
f 2568 2569 2587
f 2568 2587 2586
f 2569 2570 2588
f 2569 2588 2587
f 2570 2571 2589
f 2570 2589 2588
f 2571 2572 2590
f 2571 2590 2589
f 2572 2573 2591
f 2572 2591 2590
f 2573 2574 2592
f 2573 2592 2591
f 2574 2557 2575
f 2574 2575 2592
f 2575 2576 2594
f 2575 2594 2593
f 2576 2577 2595
f 2576 2595 2594
f 2577 2578 2596
f 2577 2596 2595
f 2578 2579 2597
f 2578 2597 2596
f 2579 2580 2598
f 2579 2598 2597
f 2580 2581 2599
f 2580 2599 2598
f 2581 2582 2600
f 2581 2600 2599
f 2582 2583 2601
f 2582 2601 2600
f 2583 2584 2602
f 2583 2602 2601
f 2584 2585 2603
f 2584 2603 2602
f 2585 2586 2604
f 2585 2604 2603
f 2586 2587 2605
f 2586 2605 2604
f 2587 2588 2606
f 2587 2606 2605
f 2588 2589 2607
f 2588 2607 2606
f 2589 2590 2608
f 2589 2608 2607
f 2590 2591 2609
f 2590 2609 2608
f 2591 2592 2610
f 2591 2610 2609
f 2592 2575 2593
f 2592 2593 2610
f 2593 2594 2612
f 2593 2612 2611
f 2594 2595 2613
f 2594 2613 2612
f 2595 2596 2614
f 2595 2614 2613
f 2596 2597 2615
f 2596 2615 2614
f 2597 2598 2616
f 2597 2616 2615
f 2598 2599 2617
f 2598 2617 2616
f 2599 2600 2618
f 2599 2618 2617
f 2600 2601 2619
f 2600 2619 2618
f 2601 2602 2620
f 2601 2620 2619
f 2602 2603 2621
f 2602 2621 2620
f 2603 2604 2622
f 2603 2622 2621
f 2604 2605 2623
f 2604 2623 2622
f 2605 2606 2624
f 2605 2624 2623
f 2606 2607 2625
f 2606 2625 2624
f 2607 2608 2626
f 2607 2626 2625
f 2608 2609 2627
f 2608 2627 2626
f 2609 2610 2628
f 2609 2628 2627
f 2610 2593 2611
f 2610 2611 2628
f 2611 2612 2630
f 2611 2630 2629
f 2612 2613 2631
f 2612 2631 2630
f 2613 2614 2632
f 2613 2632 2631
f 2614 2615 2633
f 2614 2633 2632
f 2615 2616 2634
f 2615 2634 2633
f 2616 2617 2635
f 2616 2635 2634
f 2617 2618 2636
f 2617 2636 2635
f 2618 2619 2637
f 2618 2637 2636
f 2619 2620 2638
f 2619 2638 2637
f 2620 2621 2639
f 2620 2639 2638
f 2621 2622 2640
f 2621 2640 2639
f 2622 2623 2641
f 2622 2641 2640
f 2623 2624 2642
f 2623 2642 2641
f 2624 2625 2643
f 2624 2643 2642
f 2625 2626 2644
f 2625 2644 2643
f 2626 2627 2645
f 2626 2645 2644
f 2627 2628 2646
f 2627 2646 2645
f 2628 2611 2629
f 2628 2629 2646
f 2629 2630 2648
f 2629 2648 2647
f 2630 2631 2649
f 2630 2649 2648
f 2631 2632 2650
f 2631 2650 2649
f 2632 2633 2651
f 2632 2651 2650
f 2633 2634 2652
f 2633 2652 2651
f 2634 2635 2653
f 2634 2653 2652
f 2635 2636 2654
f 2635 2654 2653
f 2636 2637 2655
f 2636 2655 2654
f 2637 2638 2656
f 2637 2656 2655
f 2638 2639 2657
f 2638 2657 2656
f 2639 2640 2658
f 2639 2658 2657
f 2640 2641 2659
f 2640 2659 2658
f 2641 2642 2660
f 2641 2660 2659
f 2642 2643 2661
f 2642 2661 2660
f 2643 2644 2662
f 2643 2662 2661
f 2644 2645 2663
f 2644 2663 2662
f 2645 2646 2664
f 2645 2664 2663
f 2646 2629 2647
f 2646 2647 2664
f 2647 2648 2666
f 2647 2666 2665
f 2648 2649 2667
f 2648 2667 2666
f 2649 2650 2668
f 2649 2668 2667
f 2650 2651 2669
f 2650 2669 2668
f 2651 2652 2670
f 2651 2670 2669
f 2652 2653 2671
f 2652 2671 2670
f 2653 2654 2672
f 2653 2672 2671
f 2654 2655 2673
f 2654 2673 2672
f 2655 2656 2674
f 2655 2674 2673
f 2656 2657 2675
f 2656 2675 2674
f 2657 2658 2676
f 2657 2676 2675
f 2658 2659 2677
f 2658 2677 2676
f 2659 2660 2678
f 2659 2678 2677
f 2660 2661 2679
f 2660 2679 2678
f 2661 2662 2680
f 2661 2680 2679
f 2662 2663 2681
f 2662 2681 2680
f 2663 2664 2682
f 2663 2682 2681
f 2664 2647 2665
f 2664 2665 2682
f 2665 2666 2684
f 2665 2684 2683
f 2666 2667 2685
f 2666 2685 2684
f 2667 2668 2686
f 2667 2686 2685
f 2668 2669 2687
f 2668 2687 2686
f 2669 2670 2688
f 2669 2688 2687
f 2670 2671 2689
f 2670 2689 2688
f 2671 2672 2690
f 2671 2690 2689
f 2672 2673 2691
f 2672 2691 2690
f 2673 2674 2692
f 2673 2692 2691
f 2674 2675 2693
f 2674 2693 2692
f 2675 2676 2694
f 2675 2694 2693
f 2676 2677 2695
f 2676 2695 2694
f 2677 2678 2696
f 2677 2696 2695
f 2678 2679 2697
f 2678 2697 2696
f 2679 2680 2698
f 2679 2698 2697
f 2680 2681 2699
f 2680 2699 2698
f 2681 2682 2700
f 2681 2700 2699
f 2682 2665 2683
f 2682 2683 2700
f 2683 2684 2702
f 2683 2702 2701
f 2684 2685 2703
f 2684 2703 2702
f 2685 2686 2704
f 2685 2704 2703
f 2686 2687 2705
f 2686 2705 2704
f 2687 2688 2706
f 2687 2706 2705
f 2688 2689 2707
f 2688 2707 2706
f 2689 2690 2708
f 2689 2708 2707
f 2690 2691 2709
f 2690 2709 2708
f 2691 2692 2710
f 2691 2710 2709
f 2692 2693 2711
f 2692 2711 2710
f 2693 2694 2712
f 2693 2712 2711
f 2694 2695 2713
f 2694 2713 2712
f 2695 2696 2714
f 2695 2714 2713
f 2696 2697 2715
f 2696 2715 2714
f 2697 2698 2716
f 2697 2716 2715
f 2698 2699 2717
f 2698 2717 2716
f 2699 2700 2718
f 2699 2718 2717
f 2700 2683 2701
f 2700 2701 2718
f 2701 2702 2720
f 2701 2720 2719
f 2702 2703 2721
f 2702 2721 2720
f 2703 2704 2722
f 2703 2722 2721
f 2704 2705 2723
f 2704 2723 2722
f 2705 2706 2724
f 2705 2724 2723
f 2706 2707 2725
f 2706 2725 2724
f 2707 2708 2726
f 2707 2726 2725
f 2708 2709 2727
f 2708 2727 2726
f 2709 2710 2728
f 2709 2728 2727
f 2710 2711 2729
f 2710 2729 2728
f 2711 2712 2730
f 2711 2730 2729
f 2712 2713 2731
f 2712 2731 2730
f 2713 2714 2732
f 2713 2732 2731
f 2714 2715 2733
f 2714 2733 2732
f 2715 2716 2734
f 2715 2734 2733
f 2716 2717 2735
f 2716 2735 2734
f 2717 2718 2736
f 2717 2736 2735
f 2718 2701 2719
f 2718 2719 2736
f 2719 2720 2738
f 2719 2738 2737
f 2720 2721 2739
f 2720 2739 2738
f 2721 2722 2740
f 2721 2740 2739
f 2722 2723 2741
f 2722 2741 2740
f 2723 2724 2742
f 2723 2742 2741
f 2724 2725 2743
f 2724 2743 2742
f 2725 2726 2744
f 2725 2744 2743
f 2726 2727 2745
f 2726 2745 2744
f 2727 2728 2746
f 2727 2746 2745
f 2728 2729 2747
f 2728 2747 2746
f 2729 2730 2748
f 2729 2748 2747
f 2730 2731 2749
f 2730 2749 2748
f 2731 2732 2750
f 2731 2750 2749
f 2732 2733 2751
f 2732 2751 2750
f 2733 2734 2752
f 2733 2752 2751
f 2734 2735 2753
f 2734 2753 2752
f 2735 2736 2754
f 2735 2754 2753
f 2736 2719 2737
f 2736 2737 2754
f 2737 2738 2756
f 2737 2756 2755
f 2738 2739 2757
f 2738 2757 2756
f 2739 2740 2758
f 2739 2758 2757
f 2740 2741 2759
f 2740 2759 2758
f 2741 2742 2760
f 2741 2760 2759
f 2742 2743 2761
f 2742 2761 2760
f 2743 2744 2762
f 2743 2762 2761
f 2744 2745 2763
f 2744 2763 2762
f 2745 2746 2764
f 2745 2764 2763
f 2746 2747 2765
f 2746 2765 2764
f 2747 2748 2766
f 2747 2766 2765
f 2748 2749 2767
f 2748 2767 2766
f 2749 2750 2768
f 2749 2768 2767
f 2750 2751 2769
f 2750 2769 2768
f 2751 2752 2770
f 2751 2770 2769
f 2752 2753 2771
f 2752 2771 2770
f 2753 2754 2772
f 2753 2772 2771
f 2754 2737 2755
f 2754 2755 2772
f 2755 2756 2774
f 2755 2774 2773
f 2756 2757 2775
f 2756 2775 2774
f 2757 2758 2776
f 2757 2776 2775
f 2758 2759 2777
f 2758 2777 2776
f 2759 2760 2778
f 2759 2778 2777
f 2760 2761 2779
f 2760 2779 2778
f 2761 2762 2780
f 2761 2780 2779
f 2762 2763 2781
f 2762 2781 2780
f 2763 2764 2782
f 2763 2782 2781
f 2764 2765 2783
f 2764 2783 2782
f 2765 2766 2784
f 2765 2784 2783
f 2766 2767 2785
f 2766 2785 2784
f 2767 2768 2786
f 2767 2786 2785
f 2768 2769 2787
f 2768 2787 2786
f 2769 2770 2788
f 2769 2788 2787
f 2770 2771 2789
f 2770 2789 2788
f 2771 2772 2790
f 2771 2790 2789
f 2772 2755 2773
f 2772 2773 2790
f 2773 2774 2792
f 2773 2792 2791
f 2774 2775 2793
f 2774 2793 2792
f 2775 2776 2794
f 2775 2794 2793
f 2776 2777 2795
f 2776 2795 2794
f 2777 2778 2796
f 2777 2796 2795
f 2778 2779 2797
f 2778 2797 2796
f 2779 2780 2798
f 2779 2798 2797
f 2780 2781 2799
f 2780 2799 2798
f 2781 2782 2800
f 2781 2800 2799
f 2782 2783 2801
f 2782 2801 2800
f 2783 2784 2802
f 2783 2802 2801
f 2784 2785 2803
f 2784 2803 2802
f 2785 2786 2804
f 2785 2804 2803
f 2786 2787 2805
f 2786 2805 2804
f 2787 2788 2806
f 2787 2806 2805
f 2788 2789 2807
f 2788 2807 2806
f 2789 2790 2808
f 2789 2808 2807
f 2790 2773 2791
f 2790 2791 2808
f 2791 2792 2810
f 2791 2810 2809
f 2792 2793 2811
f 2792 2811 2810
f 2793 2794 2812
f 2793 2812 2811
f 2794 2795 2813
f 2794 2813 2812
f 2795 2796 2814
f 2795 2814 2813
f 2796 2797 2815
f 2796 2815 2814
f 2797 2798 2816
f 2797 2816 2815
f 2798 2799 2817
f 2798 2817 2816
f 2799 2800 2818
f 2799 2818 2817
f 2800 2801 2819
f 2800 2819 2818
f 2801 2802 2820
f 2801 2820 2819
f 2802 2803 2821
f 2802 2821 2820
f 2803 2804 2822
f 2803 2822 2821
f 2804 2805 2823
f 2804 2823 2822
f 2805 2806 2824
f 2805 2824 2823
f 2806 2807 2825
f 2806 2825 2824
f 2807 2808 2826
f 2807 2826 2825
f 2808 2791 2809
f 2808 2809 2826
f 2809 2810 2828
f 2809 2828 2827
f 2810 2811 2829
f 2810 2829 2828
f 2811 2812 2830
f 2811 2830 2829
f 2812 2813 2831
f 2812 2831 2830
f 2813 2814 2832
f 2813 2832 2831
f 2814 2815 2833
f 2814 2833 2832
f 2815 2816 2834
f 2815 2834 2833
f 2816 2817 2835
f 2816 2835 2834
f 2817 2818 2836
f 2817 2836 2835
f 2818 2819 2837
f 2818 2837 2836
f 2819 2820 2838
f 2819 2838 2837
f 2820 2821 2839
f 2820 2839 2838
f 2821 2822 2840
f 2821 2840 2839
f 2822 2823 2841
f 2822 2841 2840
f 2823 2824 2842
f 2823 2842 2841
f 2824 2825 2843
f 2824 2843 2842
f 2825 2826 2844
f 2825 2844 2843
f 2826 2809 2827
f 2826 2827 2844
f 2827 2828 2846
f 2827 2846 2845
f 2828 2829 2847
f 2828 2847 2846
f 2829 2830 2848
f 2829 2848 2847
f 2830 2831 2849
f 2830 2849 2848
f 2831 2832 2850
f 2831 2850 2849
f 2832 2833 2851
f 2832 2851 2850
f 2833 2834 2852
f 2833 2852 2851
f 2834 2835 2853
f 2834 2853 2852
f 2835 2836 2854
f 2835 2854 2853
f 2836 2837 2855
f 2836 2855 2854
f 2837 2838 2856
f 2837 2856 2855
f 2838 2839 2857
f 2838 2857 2856
f 2839 2840 2858
f 2839 2858 2857
f 2840 2841 2859
f 2840 2859 2858
f 2841 2842 2860
f 2841 2860 2859
f 2842 2843 2861
f 2842 2861 2860
f 2843 2844 2862
f 2843 2862 2861
f 2844 2827 2845
f 2844 2845 2862
f 2845 2846 2864
f 2845 2864 2863
f 2846 2847 2865
f 2846 2865 2864
f 2847 2848 2866
f 2847 2866 2865
f 2848 2849 2867
f 2848 2867 2866
f 2849 2850 2868
f 2849 2868 2867
f 2850 2851 2869
f 2850 2869 2868
f 2851 2852 2870
f 2851 2870 2869
f 2852 2853 2871
f 2852 2871 2870
f 2853 2854 2872
f 2853 2872 2871
f 2854 2855 2873
f 2854 2873 2872
f 2855 2856 2874
f 2855 2874 2873
f 2856 2857 2875
f 2856 2875 2874
f 2857 2858 2876
f 2857 2876 2875
f 2858 2859 2877
f 2858 2877 2876
f 2859 2860 2878
f 2859 2878 2877
f 2860 2861 2879
f 2860 2879 2878
f 2861 2862 2880
f 2861 2880 2879
f 2862 2845 2863
f 2862 2863 2880
f 2863 2864 2882
f 2863 2882 2881
f 2864 2865 2883
f 2864 2883 2882
f 2865 2866 2884
f 2865 2884 2883
f 2866 2867 2885
f 2866 2885 2884
f 2867 2868 2886
f 2867 2886 2885
f 2868 2869 2887
f 2868 2887 2886
f 2869 2870 2888
f 2869 2888 2887
f 2870 2871 2889
f 2870 2889 2888
f 2871 2872 2890
f 2871 2890 2889
f 2872 2873 2891
f 2872 2891 2890
f 2873 2874 2892
f 2873 2892 2891
f 2874 2875 2893
f 2874 2893 2892
f 2875 2876 2894
f 2875 2894 2893
f 2876 2877 2895
f 2876 2895 2894
f 2877 2878 2896
f 2877 2896 2895
f 2878 2879 2897
f 2878 2897 2896
f 2879 2880 2898
f 2879 2898 2897
f 2880 2863 2881
f 2880 2881 2898
f 2881 2882 2900
f 2881 2900 2899
f 2882 2883 2901
f 2882 2901 2900
f 2883 2884 2902
f 2883 2902 2901
f 2884 2885 2903
f 2884 2903 2902
f 2885 2886 2904
f 2885 2904 2903
f 2886 2887 2905
f 2886 2905 2904
f 2887 2888 2906
f 2887 2906 2905
f 2888 2889 2907
f 2888 2907 2906
f 2889 2890 2908
f 2889 2908 2907
f 2890 2891 2909
f 2890 2909 2908
f 2891 2892 2910
f 2891 2910 2909
f 2892 2893 2911
f 2892 2911 2910
f 2893 2894 2912
f 2893 2912 2911
f 2894 2895 2913
f 2894 2913 2912
f 2895 2896 2914
f 2895 2914 2913
f 2896 2897 2915
f 2896 2915 2914
f 2897 2898 2916
f 2897 2916 2915
f 2898 2881 2899
f 2898 2899 2916
f 2899 2900 2918
f 2899 2918 2917
f 2900 2901 2919
f 2900 2919 2918
f 2901 2902 2920
f 2901 2920 2919
f 2902 2903 2921
f 2902 2921 2920
f 2903 2904 2922
f 2903 2922 2921
f 2904 2905 2923
f 2904 2923 2922
f 2905 2906 2924
f 2905 2924 2923
f 2906 2907 2925
f 2906 2925 2924
f 2907 2908 2926
f 2907 2926 2925
f 2908 2909 2927
f 2908 2927 2926
f 2909 2910 2928
f 2909 2928 2927
f 2910 2911 2929
f 2910 2929 2928
f 2911 2912 2930
f 2911 2930 2929
f 2912 2913 2931
f 2912 2931 2930
f 2913 2914 2932
f 2913 2932 2931
f 2914 2915 2933
f 2914 2933 2932
f 2915 2916 2934
f 2915 2934 2933
f 2916 2899 2917
f 2916 2917 2934
f 2917 2918 2936
f 2917 2936 2935
f 2918 2919 2937
f 2918 2937 2936
f 2919 2920 2938
f 2919 2938 2937
f 2920 2921 2939
f 2920 2939 2938
f 2921 2922 2940
f 2921 2940 2939
f 2922 2923 2941
f 2922 2941 2940
f 2923 2924 2942
f 2923 2942 2941
f 2924 2925 2943
f 2924 2943 2942
f 2925 2926 2944
f 2925 2944 2943
f 2926 2927 2945
f 2926 2945 2944
f 2927 2928 2946
f 2927 2946 2945
f 2928 2929 2947
f 2928 2947 2946
f 2929 2930 2948
f 2929 2948 2947
f 2930 2931 2949
f 2930 2949 2948
f 2931 2932 2950
f 2931 2950 2949
f 2932 2933 2951
f 2932 2951 2950
f 2933 2934 2952
f 2933 2952 2951
f 2934 2917 2935
f 2934 2935 2952
f 2935 2936 2954
f 2935 2954 2953
f 2936 2937 2955
f 2936 2955 2954
f 2937 2938 2956
f 2937 2956 2955
f 2938 2939 2957
f 2938 2957 2956
f 2939 2940 2958
f 2939 2958 2957
f 2940 2941 2959
f 2940 2959 2958
f 2941 2942 2960
f 2941 2960 2959
f 2942 2943 2961
f 2942 2961 2960
f 2943 2944 2962
f 2943 2962 2961
f 2944 2945 2963
f 2944 2963 2962
f 2945 2946 2964
f 2945 2964 2963
f 2946 2947 2965
f 2946 2965 2964
f 2947 2948 2966
f 2947 2966 2965
f 2948 2949 2967
f 2948 2967 2966
f 2949 2950 2968
f 2949 2968 2967
f 2950 2951 2969
f 2950 2969 2968
f 2951 2952 2970
f 2951 2970 2969
f 2952 2935 2953
f 2952 2953 2970
f 2953 2954 2972
f 2953 2972 2971
f 2954 2955 2973
f 2954 2973 2972
f 2955 2956 2974
f 2955 2974 2973
f 2956 2957 2975
f 2956 2975 2974
f 2957 2958 2976
f 2957 2976 2975
f 2958 2959 2977
f 2958 2977 2976
f 2959 2960 2978
f 2959 2978 2977
f 2960 2961 2979
f 2960 2979 2978
f 2961 2962 2980
f 2961 2980 2979
f 2962 2963 2981
f 2962 2981 2980
f 2963 2964 2982
f 2963 2982 2981
f 2964 2965 2983
f 2964 2983 2982
f 2965 2966 2984
f 2965 2984 2983
f 2966 2967 2985
f 2966 2985 2984
f 2967 2968 2986
f 2967 2986 2985
f 2968 2969 2987
f 2968 2987 2986
f 2969 2970 2988
f 2969 2988 2987
f 2970 2953 2971
f 2970 2971 2988
f 2971 2972 2990
f 2971 2990 2989
f 2972 2973 2991
f 2972 2991 2990
f 2973 2974 2992
f 2973 2992 2991
f 2974 2975 2993
f 2974 2993 2992
f 2975 2976 2994
f 2975 2994 2993
f 2976 2977 2995
f 2976 2995 2994
f 2977 2978 2996
f 2977 2996 2995
f 2978 2979 2997
f 2978 2997 2996
f 2979 2980 2998
f 2979 2998 2997
f 2980 2981 2999
f 2980 2999 2998
f 2981 2982 3000
f 2981 3000 2999
f 2982 2983 3001
f 2982 3001 3000
f 2983 2984 3002
f 2983 3002 3001
f 2984 2985 3003
f 2984 3003 3002
f 2985 2986 3004
f 2985 3004 3003
f 2986 2987 3005
f 2986 3005 3004
f 2987 2988 3006
f 2987 3006 3005
f 2988 2971 2989
f 2988 2989 3006
f 2989 2990 3008
f 2989 3008 3007
f 2990 2991 3009
f 2990 3009 3008
f 2991 2992 3010
f 2991 3010 3009
f 2992 2993 3011
f 2992 3011 3010
f 2993 2994 3012
f 2993 3012 3011
f 2994 2995 3013
f 2994 3013 3012
f 2995 2996 3014
f 2995 3014 3013
f 2996 2997 3015
f 2996 3015 3014
f 2997 2998 3016
f 2997 3016 3015
f 2998 2999 3017
f 2998 3017 3016
f 2999 3000 3018
f 2999 3018 3017
f 3000 3001 3019
f 3000 3019 3018
f 3001 3002 3020
f 3001 3020 3019
f 3002 3003 3021
f 3002 3021 3020
f 3003 3004 3022
f 3003 3022 3021
f 3004 3005 3023
f 3004 3023 3022
f 3005 3006 3024
f 3005 3024 3023
f 3006 2989 3007
f 3006 3007 3024
f 3007 3008 3026
f 3007 3026 3025
f 3008 3009 3027
f 3008 3027 3026
f 3009 3010 3028
f 3009 3028 3027
f 3010 3011 3029
f 3010 3029 3028
f 3011 3012 3030
f 3011 3030 3029
f 3012 3013 3031
f 3012 3031 3030
f 3013 3014 3032
f 3013 3032 3031
f 3014 3015 3033
f 3014 3033 3032
f 3015 3016 3034
f 3015 3034 3033
f 3016 3017 3035
f 3016 3035 3034
f 3017 3018 3036
f 3017 3036 3035
f 3018 3019 3037
f 3018 3037 3036
f 3019 3020 3038
f 3019 3038 3037
f 3020 3021 3039
f 3020 3039 3038
f 3021 3022 3040
f 3021 3040 3039
f 3022 3023 3041
f 3022 3041 3040
f 3023 3024 3042
f 3023 3042 3041
f 3024 3007 3025
f 3024 3025 3042
f 3025 3026 3044
f 3025 3044 3043
f 3026 3027 3045
f 3026 3045 3044
f 3027 3028 3046
f 3027 3046 3045
f 3028 3029 3047
f 3028 3047 3046
f 3029 3030 3048
f 3029 3048 3047
f 3030 3031 3049
f 3030 3049 3048
f 3031 3032 3050
f 3031 3050 3049
f 3032 3033 3051
f 3032 3051 3050
f 3033 3034 3052
f 3033 3052 3051
f 3034 3035 3053
f 3034 3053 3052
f 3035 3036 3054
f 3035 3054 3053
f 3036 3037 3055
f 3036 3055 3054
f 3037 3038 3056
f 3037 3056 3055
f 3038 3039 3057
f 3038 3057 3056
f 3039 3040 3058
f 3039 3058 3057
f 3040 3041 3059
f 3040 3059 3058
f 3041 3042 3060
f 3041 3060 3059
f 3042 3025 3043
f 3042 3043 3060
f 3043 3044 3062
f 3043 3062 3061
f 3044 3045 3063
f 3044 3063 3062
f 3045 3046 3064
f 3045 3064 3063
f 3046 3047 3065
f 3046 3065 3064
f 3047 3048 3066
f 3047 3066 3065
f 3048 3049 3067
f 3048 3067 3066
f 3049 3050 3068
f 3049 3068 3067
f 3050 3051 3069
f 3050 3069 3068
f 3051 3052 3070
f 3051 3070 3069
f 3052 3053 3071
f 3052 3071 3070
f 3053 3054 3072
f 3053 3072 3071
f 3054 3055 3073
f 3054 3073 3072
f 3055 3056 3074
f 3055 3074 3073
f 3056 3057 3075
f 3056 3075 3074
f 3057 3058 3076
f 3057 3076 3075
f 3058 3059 3077
f 3058 3077 3076
f 3059 3060 3078
f 3059 3078 3077
f 3060 3043 3061
f 3060 3061 3078
f 3061 3062 3080
f 3061 3080 3079
f 3062 3063 3081
f 3062 3081 3080
f 3063 3064 3082
f 3063 3082 3081
f 3064 3065 3083
f 3064 3083 3082
f 3065 3066 3084
f 3065 3084 3083
f 3066 3067 3085
f 3066 3085 3084
f 3067 3068 3086
f 3067 3086 3085
f 3068 3069 3087
f 3068 3087 3086
f 3069 3070 3088
f 3069 3088 3087
f 3070 3071 3089
f 3070 3089 3088
f 3071 3072 3090
f 3071 3090 3089
f 3072 3073 3091
f 3072 3091 3090
f 3073 3074 3092
f 3073 3092 3091
f 3074 3075 3093
f 3074 3093 3092
f 3075 3076 3094
f 3075 3094 3093
f 3076 3077 3095
f 3076 3095 3094
f 3077 3078 3096
f 3077 3096 3095
f 3078 3061 3079
f 3078 3079 3096
f 3079 3080 3098
f 3079 3098 3097
f 3080 3081 3099
f 3080 3099 3098
f 3081 3082 3100
f 3081 3100 3099
f 3082 3083 3101
f 3082 3101 3100
f 3083 3084 3102
f 3083 3102 3101
f 3084 3085 3103
f 3084 3103 3102
f 3085 3086 3104
f 3085 3104 3103
f 3086 3087 3105
f 3086 3105 3104
f 3087 3088 3106
f 3087 3106 3105
f 3088 3089 3107
f 3088 3107 3106
f 3089 3090 3108
f 3089 3108 3107
f 3090 3091 3109
f 3090 3109 3108
f 3091 3092 3110
f 3091 3110 3109
f 3092 3093 3111
f 3092 3111 3110
f 3093 3094 3112
f 3093 3112 3111
f 3094 3095 3113
f 3094 3113 3112
f 3095 3096 3114
f 3095 3114 3113
f 3096 3079 3097
f 3096 3097 3114
f 3097 3098 3116
f 3097 3116 3115
f 3098 3099 3117
f 3098 3117 3116
f 3099 3100 3118
f 3099 3118 3117
f 3100 3101 3119
f 3100 3119 3118
f 3101 3102 3120
f 3101 3120 3119
f 3102 3103 3121
f 3102 3121 3120
f 3103 3104 3122
f 3103 3122 3121
f 3104 3105 3123
f 3104 3123 3122
f 3105 3106 3124
f 3105 3124 3123
f 3106 3107 3125
f 3106 3125 3124
f 3107 3108 3126
f 3107 3126 3125
f 3108 3109 3127
f 3108 3127 3126
f 3109 3110 3128
f 3109 3128 3127
f 3110 3111 3129
f 3110 3129 3128
f 3111 3112 3130
f 3111 3130 3129
f 3112 3113 3131
f 3112 3131 3130
f 3113 3114 3132
f 3113 3132 3131
f 3114 3097 3115
f 3114 3115 3132
f 3115 3116 3134
f 3115 3134 3133
f 3116 3117 3135
f 3116 3135 3134
f 3117 3118 3136
f 3117 3136 3135
f 3118 3119 3137
f 3118 3137 3136
f 3119 3120 3138
f 3119 3138 3137
f 3120 3121 3139
f 3120 3139 3138
f 3121 3122 3140
f 3121 3140 3139
f 3122 3123 3141
f 3122 3141 3140
f 3123 3124 3142
f 3123 3142 3141
f 3124 3125 3143
f 3124 3143 3142
f 3125 3126 3144
f 3125 3144 3143
f 3126 3127 3145
f 3126 3145 3144
f 3127 3128 3146
f 3127 3146 3145
f 3128 3129 3147
f 3128 3147 3146
f 3129 3130 3148
f 3129 3148 3147
f 3130 3131 3149
f 3130 3149 3148
f 3131 3132 3150
f 3131 3150 3149
f 3132 3115 3133
f 3132 3133 3150
f 3133 3134 3152
f 3133 3152 3151
f 3134 3135 3153
f 3134 3153 3152
f 3135 3136 3154
f 3135 3154 3153
f 3136 3137 3155
f 3136 3155 3154
f 3137 3138 3156
f 3137 3156 3155
f 3138 3139 3157
f 3138 3157 3156
f 3139 3140 3158
f 3139 3158 3157
f 3140 3141 3159
f 3140 3159 3158
f 3141 3142 3160
f 3141 3160 3159
f 3142 3143 3161
f 3142 3161 3160
f 3143 3144 3162
f 3143 3162 3161
f 3144 3145 3163
f 3144 3163 3162
f 3145 3146 3164
f 3145 3164 3163
f 3146 3147 3165
f 3146 3165 3164
f 3147 3148 3166
f 3147 3166 3165
f 3148 3149 3167
f 3148 3167 3166
f 3149 3150 3168
f 3149 3168 3167
f 3150 3133 3151
f 3150 3151 3168
f 3151 3152 3170
f 3151 3170 3169
f 3152 3153 3171
f 3152 3171 3170
f 3153 3154 3172
f 3153 3172 3171
f 3154 3155 3173
f 3154 3173 3172
f 3155 3156 3174
f 3155 3174 3173
f 3156 3157 3175
f 3156 3175 3174
f 3157 3158 3176
f 3157 3176 3175
f 3158 3159 3177
f 3158 3177 3176
f 3159 3160 3178
f 3159 3178 3177
f 3160 3161 3179
f 3160 3179 3178
f 3161 3162 3180
f 3161 3180 3179
f 3162 3163 3181
f 3162 3181 3180
f 3163 3164 3182
f 3163 3182 3181
f 3164 3165 3183
f 3164 3183 3182
f 3165 3166 3184
f 3165 3184 3183
f 3166 3167 3185
f 3166 3185 3184
f 3167 3168 3186
f 3167 3186 3185
f 3168 3151 3169
f 3168 3169 3186
f 3169 3170 3188
f 3169 3188 3187
f 3170 3171 3189
f 3170 3189 3188
f 3171 3172 3190
f 3171 3190 3189
f 3172 3173 3191
f 3172 3191 3190
f 3173 3174 3192
f 3173 3192 3191
f 3174 3175 3193
f 3174 3193 3192
f 3175 3176 3194
f 3175 3194 3193
f 3176 3177 3195
f 3176 3195 3194
f 3177 3178 3196
f 3177 3196 3195
f 3178 3179 3197
f 3178 3197 3196
f 3179 3180 3198
f 3179 3198 3197
f 3180 3181 3199
f 3180 3199 3198
f 3181 3182 3200
f 3181 3200 3199
f 3182 3183 3201
f 3182 3201 3200
f 3183 3184 3202
f 3183 3202 3201
f 3184 3185 3203
f 3184 3203 3202
f 3185 3186 3204
f 3185 3204 3203
f 3186 3169 3187
f 3186 3187 3204
f 3187 3188 3206
f 3187 3206 3205
f 3188 3189 3207
f 3188 3207 3206
f 3189 3190 3208
f 3189 3208 3207
f 3190 3191 3209
f 3190 3209 3208
f 3191 3192 3210
f 3191 3210 3209
f 3192 3193 3211
f 3192 3211 3210
f 3193 3194 3212
f 3193 3212 3211
f 3194 3195 3213
f 3194 3213 3212
f 3195 3196 3214
f 3195 3214 3213
f 3196 3197 3215
f 3196 3215 3214
f 3197 3198 3216
f 3197 3216 3215
f 3198 3199 3217
f 3198 3217 3216
f 3199 3200 3218
f 3199 3218 3217
f 3200 3201 3219
f 3200 3219 3218
f 3201 3202 3220
f 3201 3220 3219
f 3202 3203 3221
f 3202 3221 3220
f 3203 3204 3222
f 3203 3222 3221
f 3204 3187 3205
f 3204 3205 3222
f 3205 3206 3224
f 3205 3224 3223
f 3206 3207 3225
f 3206 3225 3224
f 3207 3208 3226
f 3207 3226 3225
f 3208 3209 3227
f 3208 3227 3226
f 3209 3210 3228
f 3209 3228 3227
f 3210 3211 3229
f 3210 3229 3228
f 3211 3212 3230
f 3211 3230 3229
f 3212 3213 3231
f 3212 3231 3230
f 3213 3214 3232
f 3213 3232 3231
f 3214 3215 3233
f 3214 3233 3232
f 3215 3216 3234
f 3215 3234 3233
f 3216 3217 3235
f 3216 3235 3234
f 3217 3218 3236
f 3217 3236 3235
f 3218 3219 3237
f 3218 3237 3236
f 3219 3220 3238
f 3219 3238 3237
f 3220 3221 3239
f 3220 3239 3238
f 3221 3222 3240
f 3221 3240 3239
f 3222 3205 3223
f 3222 3223 3240
f 3223 3224 3242
f 3223 3242 3241
f 3224 3225 3243
f 3224 3243 3242
f 3225 3226 3244
f 3225 3244 3243
f 3226 3227 3245
f 3226 3245 3244
f 3227 3228 3246
f 3227 3246 3245
f 3228 3229 3247
f 3228 3247 3246
f 3229 3230 3248
f 3229 3248 3247
f 3230 3231 3249
f 3230 3249 3248
f 3231 3232 3250
f 3231 3250 3249
f 3232 3233 3251
f 3232 3251 3250
f 3233 3234 3252
f 3233 3252 3251
f 3234 3235 3253
f 3234 3253 3252
f 3235 3236 3254
f 3235 3254 3253
f 3236 3237 3255
f 3236 3255 3254
f 3237 3238 3256
f 3237 3256 3255
f 3238 3239 3257
f 3238 3257 3256
f 3239 3240 3258
f 3239 3258 3257
f 3240 3223 3241
f 3240 3241 3258
f 3241 3242 3260
f 3241 3260 3259
f 3242 3243 3261
f 3242 3261 3260
f 3243 3244 3262
f 3243 3262 3261
f 3244 3245 3263
f 3244 3263 3262
f 3245 3246 3264
f 3245 3264 3263
f 3246 3247 3265
f 3246 3265 3264
f 3247 3248 3266
f 3247 3266 3265
f 3248 3249 3267
f 3248 3267 3266
f 3249 3250 3268
f 3249 3268 3267
f 3250 3251 3269
f 3250 3269 3268
f 3251 3252 3270
f 3251 3270 3269
f 3252 3253 3271
f 3252 3271 3270
f 3253 3254 3272
f 3253 3272 3271
f 3254 3255 3273
f 3254 3273 3272
f 3255 3256 3274
f 3255 3274 3273
f 3256 3257 3275
f 3256 3275 3274
f 3257 3258 3276
f 3257 3276 3275
f 3258 3241 3259
f 3258 3259 3276
f 3259 3260 3278
f 3259 3278 3277
f 3260 3261 3279
f 3260 3279 3278
f 3261 3262 3280
f 3261 3280 3279
f 3262 3263 3281
f 3262 3281 3280
f 3263 3264 3282
f 3263 3282 3281
f 3264 3265 3283
f 3264 3283 3282
f 3265 3266 3284
f 3265 3284 3283
f 3266 3267 3285
f 3266 3285 3284
f 3267 3268 3286
f 3267 3286 3285
f 3268 3269 3287
f 3268 3287 3286
f 3269 3270 3288
f 3269 3288 3287
f 3270 3271 3289
f 3270 3289 3288
f 3271 3272 3290
f 3271 3290 3289
f 3272 3273 3291
f 3272 3291 3290
f 3273 3274 3292
f 3273 3292 3291
f 3274 3275 3293
f 3274 3293 3292
f 3275 3276 3294
f 3275 3294 3293
f 3276 3259 3277
f 3276 3277 3294
f 3277 3278 3296
f 3277 3296 3295
f 3278 3279 3297
f 3278 3297 3296
f 3279 3280 3298
f 3279 3298 3297
f 3280 3281 3299
f 3280 3299 3298
f 3281 3282 3300
f 3281 3300 3299
f 3282 3283 3301
f 3282 3301 3300
f 3283 3284 3302
f 3283 3302 3301
f 3284 3285 3303
f 3284 3303 3302
f 3285 3286 3304
f 3285 3304 3303
f 3286 3287 3305
f 3286 3305 3304
f 3287 3288 3306
f 3287 3306 3305
f 3288 3289 3307
f 3288 3307 3306
f 3289 3290 3308
f 3289 3308 3307
f 3290 3291 3309
f 3290 3309 3308
f 3291 3292 3310
f 3291 3310 3309
f 3292 3293 3311
f 3292 3311 3310
f 3293 3294 3312
f 3293 3312 3311
f 3294 3277 3295
f 3294 3295 3312
f 3295 3296 3314
f 3295 3314 3313
f 3296 3297 3315
f 3296 3315 3314
f 3297 3298 3316
f 3297 3316 3315
f 3298 3299 3317
f 3298 3317 3316
f 3299 3300 3318
f 3299 3318 3317
f 3300 3301 3319
f 3300 3319 3318
f 3301 3302 3320
f 3301 3320 3319
f 3302 3303 3321
f 3302 3321 3320
f 3303 3304 3322
f 3303 3322 3321
f 3304 3305 3323
f 3304 3323 3322
f 3305 3306 3324
f 3305 3324 3323
f 3306 3307 3325
f 3306 3325 3324
f 3307 3308 3326
f 3307 3326 3325
f 3308 3309 3327
f 3308 3327 3326
f 3309 3310 3328
f 3309 3328 3327
f 3310 3311 3329
f 3310 3329 3328
f 3311 3312 3330
f 3311 3330 3329
f 3312 3295 3313
f 3312 3313 3330
f 3313 3314 3332
f 3313 3332 3331
f 3314 3315 3333
f 3314 3333 3332
f 3315 3316 3334
f 3315 3334 3333
f 3316 3317 3335
f 3316 3335 3334
f 3317 3318 3336
f 3317 3336 3335
f 3318 3319 3337
f 3318 3337 3336
f 3319 3320 3338
f 3319 3338 3337
f 3320 3321 3339
f 3320 3339 3338
f 3321 3322 3340
f 3321 3340 3339
f 3322 3323 3341
f 3322 3341 3340
f 3323 3324 3342
f 3323 3342 3341
f 3324 3325 3343
f 3324 3343 3342
f 3325 3326 3344
f 3325 3344 3343
f 3326 3327 3345
f 3326 3345 3344
f 3327 3328 3346
f 3327 3346 3345
f 3328 3329 3347
f 3328 3347 3346
f 3329 3330 3348
f 3329 3348 3347
f 3330 3313 3331
f 3330 3331 3348
f 3331 3332 3350
f 3331 3350 3349
f 3332 3333 3351
f 3332 3351 3350
f 3333 3334 3352
f 3333 3352 3351
f 3334 3335 3353
f 3334 3353 3352
f 3335 3336 3354
f 3335 3354 3353
f 3336 3337 3355
f 3336 3355 3354
f 3337 3338 3356
f 3337 3356 3355
f 3338 3339 3357
f 3338 3357 3356
f 3339 3340 3358
f 3339 3358 3357
f 3340 3341 3359
f 3340 3359 3358
f 3341 3342 3360
f 3341 3360 3359
f 3342 3343 3361
f 3342 3361 3360
f 3343 3344 3362
f 3343 3362 3361
f 3344 3345 3363
f 3344 3363 3362
f 3345 3346 3364
f 3345 3364 3363
f 3346 3347 3365
f 3346 3365 3364
f 3347 3348 3366
f 3347 3366 3365
f 3348 3331 3349
f 3348 3349 3366
f 3349 3350 3368
f 3349 3368 3367
f 3350 3351 3369
f 3350 3369 3368
f 3351 3352 3370
f 3351 3370 3369
f 3352 3353 3371
f 3352 3371 3370
f 3353 3354 3372
f 3353 3372 3371
f 3354 3355 3373
f 3354 3373 3372
f 3355 3356 3374
f 3355 3374 3373
f 3356 3357 3375
f 3356 3375 3374
f 3357 3358 3376
f 3357 3376 3375
f 3358 3359 3377
f 3358 3377 3376
f 3359 3360 3378
f 3359 3378 3377
f 3360 3361 3379
f 3360 3379 3378
f 3361 3362 3380
f 3361 3380 3379
f 3362 3363 3381
f 3362 3381 3380
f 3363 3364 3382
f 3363 3382 3381
f 3364 3365 3383
f 3364 3383 3382
f 3365 3366 3384
f 3365 3384 3383
f 3366 3349 3367
f 3366 3367 3384
f 3367 3368 3386
f 3367 3386 3385
f 3368 3369 3387
f 3368 3387 3386
f 3369 3370 3388
f 3369 3388 3387
f 3370 3371 3389
f 3370 3389 3388
f 3371 3372 3390
f 3371 3390 3389
f 3372 3373 3391
f 3372 3391 3390
f 3373 3374 3392
f 3373 3392 3391
f 3374 3375 3393
f 3374 3393 3392
f 3375 3376 3394
f 3375 3394 3393
f 3376 3377 3395
f 3376 3395 3394
f 3377 3378 3396
f 3377 3396 3395
f 3378 3379 3397
f 3378 3397 3396
f 3379 3380 3398
f 3379 3398 3397
f 3380 3381 3399
f 3380 3399 3398
f 3381 3382 3400
f 3381 3400 3399
f 3382 3383 3401
f 3382 3401 3400
f 3383 3384 3402
f 3383 3402 3401
f 3384 3367 3385
f 3384 3385 3402
f 3385 3386 3404
f 3385 3404 3403
f 3386 3387 3405
f 3386 3405 3404
f 3387 3388 3406
f 3387 3406 3405
f 3388 3389 3407
f 3388 3407 3406
f 3389 3390 3408
f 3389 3408 3407
f 3390 3391 3409
f 3390 3409 3408
f 3391 3392 3410
f 3391 3410 3409
f 3392 3393 3411
f 3392 3411 3410
f 3393 3394 3412
f 3393 3412 3411
f 3394 3395 3413
f 3394 3413 3412
f 3395 3396 3414
f 3395 3414 3413
f 3396 3397 3415
f 3396 3415 3414
f 3397 3398 3416
f 3397 3416 3415
f 3398 3399 3417
f 3398 3417 3416
f 3399 3400 3418
f 3399 3418 3417
f 3400 3401 3419
f 3400 3419 3418
f 3401 3402 3420
f 3401 3420 3419
f 3402 3385 3403
f 3402 3403 3420
f 3403 3404 3422
f 3403 3422 3421
f 3404 3405 3423
f 3404 3423 3422
f 3405 3406 3424
f 3405 3424 3423
f 3406 3407 3425
f 3406 3425 3424
f 3407 3408 3426
f 3407 3426 3425
f 3408 3409 3427
f 3408 3427 3426
f 3409 3410 3428
f 3409 3428 3427
f 3410 3411 3429
f 3410 3429 3428
f 3411 3412 3430
f 3411 3430 3429
f 3412 3413 3431
f 3412 3431 3430
f 3413 3414 3432
f 3413 3432 3431
f 3414 3415 3433
f 3414 3433 3432
f 3415 3416 3434
f 3415 3434 3433
f 3416 3417 3435
f 3416 3435 3434
f 3417 3418 3436
f 3417 3436 3435
f 3418 3419 3437
f 3418 3437 3436
f 3419 3420 3438
f 3419 3438 3437
f 3420 3403 3421
f 3420 3421 3438
f 3421 3422 3440
f 3421 3440 3439
f 3422 3423 3441
f 3422 3441 3440
f 3423 3424 3442
f 3423 3442 3441
f 3424 3425 3443
f 3424 3443 3442
f 3425 3426 3444
f 3425 3444 3443
f 3426 3427 3445
f 3426 3445 3444
f 3427 3428 3446
f 3427 3446 3445
f 3428 3429 3447
f 3428 3447 3446
f 3429 3430 3448
f 3429 3448 3447
f 3430 3431 3449
f 3430 3449 3448
f 3431 3432 3450
f 3431 3450 3449
f 3432 3433 3451
f 3432 3451 3450
f 3433 3434 3452
f 3433 3452 3451
f 3434 3435 3453
f 3434 3453 3452
f 3435 3436 3454
f 3435 3454 3453
f 3436 3437 3455
f 3436 3455 3454
f 3437 3438 3456
f 3437 3456 3455
f 3438 3421 3439
f 3438 3439 3456
f 3439 3440 3458
f 3439 3458 3457
f 3440 3441 3459
f 3440 3459 3458
f 3441 3442 3460
f 3441 3460 3459
f 3442 3443 3461
f 3442 3461 3460
f 3443 3444 3462
f 3443 3462 3461
f 3444 3445 3463
f 3444 3463 3462
f 3445 3446 3464
f 3445 3464 3463
f 3446 3447 3465
f 3446 3465 3464
f 3447 3448 3466
f 3447 3466 3465
f 3448 3449 3467
f 3448 3467 3466
f 3449 3450 3468
f 3449 3468 3467
f 3450 3451 3469
f 3450 3469 3468
f 3451 3452 3470
f 3451 3470 3469
f 3452 3453 3471
f 3452 3471 3470
f 3453 3454 3472
f 3453 3472 3471
f 3454 3455 3473
f 3454 3473 3472
f 3455 3456 3474
f 3455 3474 3473
f 3456 3439 3457
f 3456 3457 3474
f 3457 3458 3476
f 3457 3476 3475
f 3458 3459 3477
f 3458 3477 3476
f 3459 3460 3478
f 3459 3478 3477
f 3460 3461 3479
f 3460 3479 3478
f 3461 3462 3480
f 3461 3480 3479
f 3462 3463 3481
f 3462 3481 3480
f 3463 3464 3482
f 3463 3482 3481
f 3464 3465 3483
f 3464 3483 3482
f 3465 3466 3484
f 3465 3484 3483
f 3466 3467 3485
f 3466 3485 3484
f 3467 3468 3486
f 3467 3486 3485
f 3468 3469 3487
f 3468 3487 3486
f 3469 3470 3488
f 3469 3488 3487
f 3470 3471 3489
f 3470 3489 3488
f 3471 3472 3490
f 3471 3490 3489
f 3472 3473 3491
f 3472 3491 3490
f 3473 3474 3492
f 3473 3492 3491
f 3474 3457 3475
f 3474 3475 3492
f 3475 3476 3494
f 3475 3494 3493
f 3476 3477 3495
f 3476 3495 3494
f 3477 3478 3496
f 3477 3496 3495
f 3478 3479 3497
f 3478 3497 3496
f 3479 3480 3498
f 3479 3498 3497
f 3480 3481 3499
f 3480 3499 3498
f 3481 3482 3500
f 3481 3500 3499
f 3482 3483 3501
f 3482 3501 3500
f 3483 3484 3502
f 3483 3502 3501
f 3484 3485 3503
f 3484 3503 3502
f 3485 3486 3504
f 3485 3504 3503
f 3486 3487 3505
f 3486 3505 3504
f 3487 3488 3506
f 3487 3506 3505
f 3488 3489 3507
f 3488 3507 3506
f 3489 3490 3508
f 3489 3508 3507
f 3490 3491 3509
f 3490 3509 3508
f 3491 3492 3510
f 3491 3510 3509
f 3492 3475 3493
f 3492 3493 3510
f 3493 3494 3512
f 3493 3512 3511
f 3494 3495 3513
f 3494 3513 3512
f 3495 3496 3514
f 3495 3514 3513
f 3496 3497 3515
f 3496 3515 3514
f 3497 3498 3516
f 3497 3516 3515
f 3498 3499 3517
f 3498 3517 3516
f 3499 3500 3518
f 3499 3518 3517
f 3500 3501 3519
f 3500 3519 3518
f 3501 3502 3520
f 3501 3520 3519
f 3502 3503 3521
f 3502 3521 3520
f 3503 3504 3522
f 3503 3522 3521
f 3504 3505 3523
f 3504 3523 3522
f 3505 3506 3524
f 3505 3524 3523
f 3506 3507 3525
f 3506 3525 3524
f 3507 3508 3526
f 3507 3526 3525
f 3508 3509 3527
f 3508 3527 3526
f 3509 3510 3528
f 3509 3528 3527
f 3510 3493 3511
f 3510 3511 3528
f 3511 3512 3530
f 3511 3530 3529
f 3512 3513 3531
f 3512 3531 3530
f 3513 3514 3532
f 3513 3532 3531
f 3514 3515 3533
f 3514 3533 3532
f 3515 3516 3534
f 3515 3534 3533
f 3516 3517 3535
f 3516 3535 3534
f 3517 3518 3536
f 3517 3536 3535
f 3518 3519 3537
f 3518 3537 3536
f 3519 3520 3538
f 3519 3538 3537
f 3520 3521 3539
f 3520 3539 3538
f 3521 3522 3540
f 3521 3540 3539
f 3522 3523 3541
f 3522 3541 3540
f 3523 3524 3542
f 3523 3542 3541
f 3524 3525 3543
f 3524 3543 3542
f 3525 3526 3544
f 3525 3544 3543
f 3526 3527 3545
f 3526 3545 3544
f 3527 3528 3546
f 3527 3546 3545
f 3528 3511 3529
f 3528 3529 3546
f 3529 3530 3548
f 3529 3548 3547
f 3530 3531 3549
f 3530 3549 3548
f 3531 3532 3550
f 3531 3550 3549
f 3532 3533 3551
f 3532 3551 3550
f 3533 3534 3552
f 3533 3552 3551
f 3534 3535 3553
f 3534 3553 3552
f 3535 3536 3554
f 3535 3554 3553
f 3536 3537 3555
f 3536 3555 3554
f 3537 3538 3556
f 3537 3556 3555
f 3538 3539 3557
f 3538 3557 3556
f 3539 3540 3558
f 3539 3558 3557
f 3540 3541 3559
f 3540 3559 3558
f 3541 3542 3560
f 3541 3560 3559
f 3542 3543 3561
f 3542 3561 3560
f 3543 3544 3562
f 3543 3562 3561
f 3544 3545 3563
f 3544 3563 3562
f 3545 3546 3564
f 3545 3564 3563
f 3546 3529 3547
f 3546 3547 3564
f 3547 3548 3566
f 3547 3566 3565
f 3548 3549 3567
f 3548 3567 3566
f 3549 3550 3568
f 3549 3568 3567
f 3550 3551 3569
f 3550 3569 3568
f 3551 3552 3570
f 3551 3570 3569
f 3552 3553 3571
f 3552 3571 3570
f 3553 3554 3572
f 3553 3572 3571
f 3554 3555 3573
f 3554 3573 3572
f 3555 3556 3574
f 3555 3574 3573
f 3556 3557 3575
f 3556 3575 3574
f 3557 3558 3576
f 3557 3576 3575
f 3558 3559 3577
f 3558 3577 3576
f 3559 3560 3578
f 3559 3578 3577
f 3560 3561 3579
f 3560 3579 3578
f 3561 3562 3580
f 3561 3580 3579
f 3562 3563 3581
f 3562 3581 3580
f 3563 3564 3582
f 3563 3582 3581
f 3564 3547 3565
f 3564 3565 3582
f 3565 3566 3584
f 3565 3584 3583
f 3566 3567 3585
f 3566 3585 3584
f 3567 3568 3586
f 3567 3586 3585
f 3568 3569 3587
f 3568 3587 3586
f 3569 3570 3588
f 3569 3588 3587
f 3570 3571 3589
f 3570 3589 3588
f 3571 3572 3590
f 3571 3590 3589
f 3572 3573 3591
f 3572 3591 3590
f 3573 3574 3592
f 3573 3592 3591
f 3574 3575 3593
f 3574 3593 3592
f 3575 3576 3594
f 3575 3594 3593
f 3576 3577 3595
f 3576 3595 3594
f 3577 3578 3596
f 3577 3596 3595
f 3578 3579 3597
f 3578 3597 3596
f 3579 3580 3598
f 3579 3598 3597
f 3580 3581 3599
f 3580 3599 3598
f 3581 3582 3600
f 3581 3600 3599
f 3582 3565 3583
f 3582 3583 3600
f 3583 3584 3602
f 3583 3602 3601
f 3584 3585 3603
f 3584 3603 3602
f 3585 3586 3604
f 3585 3604 3603
f 3586 3587 3605
f 3586 3605 3604
f 3587 3588 3606
f 3587 3606 3605
f 3588 3589 3607
f 3588 3607 3606
f 3589 3590 3608
f 3589 3608 3607
f 3590 3591 3609
f 3590 3609 3608
f 3591 3592 3610
f 3591 3610 3609
f 3592 3593 3611
f 3592 3611 3610
f 3593 3594 3612
f 3593 3612 3611
f 3594 3595 3613
f 3594 3613 3612
f 3595 3596 3614
f 3595 3614 3613
f 3596 3597 3615
f 3596 3615 3614
f 3597 3598 3616
f 3597 3616 3615
f 3598 3599 3617
f 3598 3617 3616
f 3599 3600 3618
f 3599 3618 3617
f 3600 3583 3601
f 3600 3601 3618
f 3601 3602 3620
f 3601 3620 3619
f 3602 3603 3621
f 3602 3621 3620
f 3603 3604 3622
f 3603 3622 3621
f 3604 3605 3623
f 3604 3623 3622
f 3605 3606 3624
f 3605 3624 3623
f 3606 3607 3625
f 3606 3625 3624
f 3607 3608 3626
f 3607 3626 3625
f 3608 3609 3627
f 3608 3627 3626
f 3609 3610 3628
f 3609 3628 3627
f 3610 3611 3629
f 3610 3629 3628
f 3611 3612 3630
f 3611 3630 3629
f 3612 3613 3631
f 3612 3631 3630
f 3613 3614 3632
f 3613 3632 3631
f 3614 3615 3633
f 3614 3633 3632
f 3615 3616 3634
f 3615 3634 3633
f 3616 3617 3635
f 3616 3635 3634
f 3617 3618 3636
f 3617 3636 3635
f 3618 3601 3619
f 3618 3619 3636
f 3619 3620 3638
f 3619 3638 3637
f 3620 3621 3639
f 3620 3639 3638
f 3621 3622 3640
f 3621 3640 3639
f 3622 3623 3641
f 3622 3641 3640
f 3623 3624 3642
f 3623 3642 3641
f 3624 3625 3643
f 3624 3643 3642
f 3625 3626 3644
f 3625 3644 3643
f 3626 3627 3645
f 3626 3645 3644
f 3627 3628 3646
f 3627 3646 3645
f 3628 3629 3647
f 3628 3647 3646
f 3629 3630 3648
f 3629 3648 3647
f 3630 3631 3649
f 3630 3649 3648
f 3631 3632 3650
f 3631 3650 3649
f 3632 3633 3651
f 3632 3651 3650
f 3633 3634 3652
f 3633 3652 3651
f 3634 3635 3653
f 3634 3653 3652
f 3635 3636 3654
f 3635 3654 3653
f 3636 3619 3637
f 3636 3637 3654
f 3637 3638 3656
f 3637 3656 3655
f 3638 3639 3657
f 3638 3657 3656
f 3639 3640 3658
f 3639 3658 3657
f 3640 3641 3659
f 3640 3659 3658
f 3641 3642 3660
f 3641 3660 3659
f 3642 3643 3661
f 3642 3661 3660
f 3643 3644 3662
f 3643 3662 3661
f 3644 3645 3663
f 3644 3663 3662
f 3645 3646 3664
f 3645 3664 3663
f 3646 3647 3665
f 3646 3665 3664
f 3647 3648 3666
f 3647 3666 3665
f 3648 3649 3667
f 3648 3667 3666
f 3649 3650 3668
f 3649 3668 3667
f 3650 3651 3669
f 3650 3669 3668
f 3651 3652 3670
f 3651 3670 3669
f 3652 3653 3671
f 3652 3671 3670
f 3653 3654 3672
f 3653 3672 3671
f 3654 3637 3655
f 3654 3655 3672
f 3655 3656 3674
f 3655 3674 3673
f 3656 3657 3675
f 3656 3675 3674
f 3657 3658 3676
f 3657 3676 3675
f 3658 3659 3677
f 3658 3677 3676
f 3659 3660 3678
f 3659 3678 3677
f 3660 3661 3679
f 3660 3679 3678
f 3661 3662 3680
f 3661 3680 3679
f 3662 3663 3681
f 3662 3681 3680
f 3663 3664 3682
f 3663 3682 3681
f 3664 3665 3683
f 3664 3683 3682
f 3665 3666 3684
f 3665 3684 3683
f 3666 3667 3685
f 3666 3685 3684
f 3667 3668 3686
f 3667 3686 3685
f 3668 3669 3687
f 3668 3687 3686
f 3669 3670 3688
f 3669 3688 3687
f 3670 3671 3689
f 3670 3689 3688
f 3671 3672 3690
f 3671 3690 3689
f 3672 3655 3673
f 3672 3673 3690
f 3673 3674 3692
f 3673 3692 3691
f 3674 3675 3693
f 3674 3693 3692
f 3675 3676 3694
f 3675 3694 3693
f 3676 3677 3695
f 3676 3695 3694
f 3677 3678 3696
f 3677 3696 3695
f 3678 3679 3697
f 3678 3697 3696
f 3679 3680 3698
f 3679 3698 3697
f 3680 3681 3699
f 3680 3699 3698
f 3681 3682 3700
f 3681 3700 3699
f 3682 3683 3701
f 3682 3701 3700
f 3683 3684 3702
f 3683 3702 3701
f 3684 3685 3703
f 3684 3703 3702
f 3685 3686 3704
f 3685 3704 3703
f 3686 3687 3705
f 3686 3705 3704
f 3687 3688 3706
f 3687 3706 3705
f 3688 3689 3707
f 3688 3707 3706
f 3689 3690 3708
f 3689 3708 3707
f 3690 3673 3691
f 3690 3691 3708
f 3691 3692 3710
f 3691 3710 3709
f 3692 3693 3711
f 3692 3711 3710
f 3693 3694 3712
f 3693 3712 3711
f 3694 3695 3713
f 3694 3713 3712
f 3695 3696 3714
f 3695 3714 3713
f 3696 3697 3715
f 3696 3715 3714
f 3697 3698 3716
f 3697 3716 3715
f 3698 3699 3717
f 3698 3717 3716
f 3699 3700 3718
f 3699 3718 3717
f 3700 3701 3719
f 3700 3719 3718
f 3701 3702 3720
f 3701 3720 3719
f 3702 3703 3721
f 3702 3721 3720
f 3703 3704 3722
f 3703 3722 3721
f 3704 3705 3723
f 3704 3723 3722
f 3705 3706 3724
f 3705 3724 3723
f 3706 3707 3725
f 3706 3725 3724
f 3707 3708 3726
f 3707 3726 3725
f 3708 3691 3709
f 3708 3709 3726
f 3709 3710 3728
f 3709 3728 3727
f 3710 3711 3729
f 3710 3729 3728
f 3711 3712 3730
f 3711 3730 3729
f 3712 3713 3731
f 3712 3731 3730
f 3713 3714 3732
f 3713 3732 3731
f 3714 3715 3733
f 3714 3733 3732
f 3715 3716 3734
f 3715 3734 3733
f 3716 3717 3735
f 3716 3735 3734
f 3717 3718 3736
f 3717 3736 3735
f 3718 3719 3737
f 3718 3737 3736
f 3719 3720 3738
f 3719 3738 3737
f 3720 3721 3739
f 3720 3739 3738
f 3721 3722 3740
f 3721 3740 3739
f 3722 3723 3741
f 3722 3741 3740
f 3723 3724 3742
f 3723 3742 3741
f 3724 3725 3743
f 3724 3743 3742
f 3725 3726 3744
f 3725 3744 3743
f 3726 3709 3727
f 3726 3727 3744
f 3727 3728 3746
f 3727 3746 3745
f 3728 3729 3747
f 3728 3747 3746
f 3729 3730 3748
f 3729 3748 3747
f 3730 3731 3749
f 3730 3749 3748
f 3731 3732 3750
f 3731 3750 3749
f 3732 3733 3751
f 3732 3751 3750
f 3733 3734 3752
f 3733 3752 3751
f 3734 3735 3753
f 3734 3753 3752
f 3735 3736 3754
f 3735 3754 3753
f 3736 3737 3755
f 3736 3755 3754
f 3737 3738 3756
f 3737 3756 3755
f 3738 3739 3757
f 3738 3757 3756
f 3739 3740 3758
f 3739 3758 3757
f 3740 3741 3759
f 3740 3759 3758
f 3741 3742 3760
f 3741 3760 3759
f 3742 3743 3761
f 3742 3761 3760
f 3743 3744 3762
f 3743 3762 3761
f 3744 3727 3745
f 3744 3745 3762
f 3745 3746 3764
f 3745 3764 3763
f 3746 3747 3765
f 3746 3765 3764
f 3747 3748 3766
f 3747 3766 3765
f 3748 3749 3767
f 3748 3767 3766
f 3749 3750 3768
f 3749 3768 3767
f 3750 3751 3769
f 3750 3769 3768
f 3751 3752 3770
f 3751 3770 3769
f 3752 3753 3771
f 3752 3771 3770
f 3753 3754 3772
f 3753 3772 3771
f 3754 3755 3773
f 3754 3773 3772
f 3755 3756 3774
f 3755 3774 3773
f 3756 3757 3775
f 3756 3775 3774
f 3757 3758 3776
f 3757 3776 3775
f 3758 3759 3777
f 3758 3777 3776
f 3759 3760 3778
f 3759 3778 3777
f 3760 3761 3779
f 3760 3779 3778
f 3761 3762 3780
f 3761 3780 3779
f 3762 3745 3763
f 3762 3763 3780
f 3763 3764 3782
f 3763 3782 3781
f 3764 3765 3783
f 3764 3783 3782
f 3765 3766 3784
f 3765 3784 3783
f 3766 3767 3785
f 3766 3785 3784
f 3767 3768 3786
f 3767 3786 3785
f 3768 3769 3787
f 3768 3787 3786
f 3769 3770 3788
f 3769 3788 3787
f 3770 3771 3789
f 3770 3789 3788
f 3771 3772 3790
f 3771 3790 3789
f 3772 3773 3791
f 3772 3791 3790
f 3773 3774 3792
f 3773 3792 3791
f 3774 3775 3793
f 3774 3793 3792
f 3775 3776 3794
f 3775 3794 3793
f 3776 3777 3795
f 3776 3795 3794
f 3777 3778 3796
f 3777 3796 3795
f 3778 3779 3797
f 3778 3797 3796
f 3779 3780 3798
f 3779 3798 3797
f 3780 3763 3781
f 3780 3781 3798
f 3781 3782 3800
f 3781 3800 3799
f 3782 3783 3801
f 3782 3801 3800
f 3783 3784 3802
f 3783 3802 3801
f 3784 3785 3803
f 3784 3803 3802
f 3785 3786 3804
f 3785 3804 3803
f 3786 3787 3805
f 3786 3805 3804
f 3787 3788 3806
f 3787 3806 3805
f 3788 3789 3807
f 3788 3807 3806
f 3789 3790 3808
f 3789 3808 3807
f 3790 3791 3809
f 3790 3809 3808
f 3791 3792 3810
f 3791 3810 3809
f 3792 3793 3811
f 3792 3811 3810
f 3793 3794 3812
f 3793 3812 3811
f 3794 3795 3813
f 3794 3813 3812
f 3795 3796 3814
f 3795 3814 3813
f 3796 3797 3815
f 3796 3815 3814
f 3797 3798 3816
f 3797 3816 3815
f 3798 3781 3799
f 3798 3799 3816
f 3799 3800 3818
f 3799 3818 3817
f 3800 3801 3819
f 3800 3819 3818
f 3801 3802 3820
f 3801 3820 3819
f 3802 3803 3821
f 3802 3821 3820
f 3803 3804 3822
f 3803 3822 3821
f 3804 3805 3823
f 3804 3823 3822
f 3805 3806 3824
f 3805 3824 3823
f 3806 3807 3825
f 3806 3825 3824
f 3807 3808 3826
f 3807 3826 3825
f 3808 3809 3827
f 3808 3827 3826
f 3809 3810 3828
f 3809 3828 3827
f 3810 3811 3829
f 3810 3829 3828
f 3811 3812 3830
f 3811 3830 3829
f 3812 3813 3831
f 3812 3831 3830
f 3813 3814 3832
f 3813 3832 3831
f 3814 3815 3833
f 3814 3833 3832
f 3815 3816 3834
f 3815 3834 3833
f 3816 3799 3817
f 3816 3817 3834
f 3817 3818 3836
f 3817 3836 3835
f 3818 3819 3837
f 3818 3837 3836
f 3819 3820 3838
f 3819 3838 3837
f 3820 3821 3839
f 3820 3839 3838
f 3821 3822 3840
f 3821 3840 3839
f 3822 3823 3841
f 3822 3841 3840
f 3823 3824 3842
f 3823 3842 3841
f 3824 3825 3843
f 3824 3843 3842
f 3825 3826 3844
f 3825 3844 3843
f 3826 3827 3845
f 3826 3845 3844
f 3827 3828 3846
f 3827 3846 3845
f 3828 3829 3847
f 3828 3847 3846
f 3829 3830 3848
f 3829 3848 3847
f 3830 3831 3849
f 3830 3849 3848
f 3831 3832 3850
f 3831 3850 3849
f 3832 3833 3851
f 3832 3851 3850
f 3833 3834 3852
f 3833 3852 3851
f 3834 3817 3835
f 3834 3835 3852
f 3835 3836 3854
f 3835 3854 3853
f 3836 3837 3855
f 3836 3855 3854
f 3837 3838 3856
f 3837 3856 3855
f 3838 3839 3857
f 3838 3857 3856
f 3839 3840 3858
f 3839 3858 3857
f 3840 3841 3859
f 3840 3859 3858
f 3841 3842 3860
f 3841 3860 3859
f 3842 3843 3861
f 3842 3861 3860
f 3843 3844 3862
f 3843 3862 3861
f 3844 3845 3863
f 3844 3863 3862
f 3845 3846 3864
f 3845 3864 3863
f 3846 3847 3865
f 3846 3865 3864
f 3847 3848 3866
f 3847 3866 3865
f 3848 3849 3867
f 3848 3867 3866
f 3849 3850 3868
f 3849 3868 3867
f 3850 3851 3869
f 3850 3869 3868
f 3851 3852 3870
f 3851 3870 3869
f 3852 3835 3853
f 3852 3853 3870
f 3853 3854 3872
f 3853 3872 3871
f 3854 3855 3873
f 3854 3873 3872
f 3855 3856 3874
f 3855 3874 3873
f 3856 3857 3875
f 3856 3875 3874
f 3857 3858 3876
f 3857 3876 3875
f 3858 3859 3877
f 3858 3877 3876
f 3859 3860 3878
f 3859 3878 3877
f 3860 3861 3879
f 3860 3879 3878
f 3861 3862 3880
f 3861 3880 3879
f 3862 3863 3881
f 3862 3881 3880
f 3863 3864 3882
f 3863 3882 3881
f 3864 3865 3883
f 3864 3883 3882
f 3865 3866 3884
f 3865 3884 3883
f 3866 3867 3885
f 3866 3885 3884
f 3867 3868 3886
f 3867 3886 3885
f 3868 3869 3887
f 3868 3887 3886
f 3869 3870 3888
f 3869 3888 3887
f 3870 3853 3871
f 3870 3871 3888
f 3871 3872 3890
f 3871 3890 3889
f 3872 3873 3891
f 3872 3891 3890
f 3873 3874 3892
f 3873 3892 3891
f 3874 3875 3893
f 3874 3893 3892
f 3875 3876 3894
f 3875 3894 3893
f 3876 3877 3895
f 3876 3895 3894
f 3877 3878 3896
f 3877 3896 3895
f 3878 3879 3897
f 3878 3897 3896
f 3879 3880 3898
f 3879 3898 3897
f 3880 3881 3899
f 3880 3899 3898
f 3881 3882 3900
f 3881 3900 3899
f 3882 3883 3901
f 3882 3901 3900
f 3883 3884 3902
f 3883 3902 3901
f 3884 3885 3903
f 3884 3903 3902
f 3885 3886 3904
f 3885 3904 3903
f 3886 3887 3905
f 3886 3905 3904
f 3887 3888 3906
f 3887 3906 3905
f 3888 3871 3889
f 3888 3889 3906
f 3889 3890 3908
f 3889 3908 3907
f 3890 3891 3909
f 3890 3909 3908
f 3891 3892 3910
f 3891 3910 3909
f 3892 3893 3911
f 3892 3911 3910
f 3893 3894 3912
f 3893 3912 3911
f 3894 3895 3913
f 3894 3913 3912
f 3895 3896 3914
f 3895 3914 3913
f 3896 3897 3915
f 3896 3915 3914
f 3897 3898 3916
f 3897 3916 3915
f 3898 3899 3917
f 3898 3917 3916
f 3899 3900 3918
f 3899 3918 3917
f 3900 3901 3919
f 3900 3919 3918
f 3901 3902 3920
f 3901 3920 3919
f 3902 3903 3921
f 3902 3921 3920
f 3903 3904 3922
f 3903 3922 3921
f 3904 3905 3923
f 3904 3923 3922
f 3905 3906 3924
f 3905 3924 3923
f 3906 3889 3907
f 3906 3907 3924
f 3907 3908 3926
f 3907 3926 3925
f 3908 3909 3927
f 3908 3927 3926
f 3909 3910 3928
f 3909 3928 3927
f 3910 3911 3929
f 3910 3929 3928
f 3911 3912 3930
f 3911 3930 3929
f 3912 3913 3931
f 3912 3931 3930
f 3913 3914 3932
f 3913 3932 3931
f 3914 3915 3933
f 3914 3933 3932
f 3915 3916 3934
f 3915 3934 3933
f 3916 3917 3935
f 3916 3935 3934
f 3917 3918 3936
f 3917 3936 3935
f 3918 3919 3937
f 3918 3937 3936
f 3919 3920 3938
f 3919 3938 3937
f 3920 3921 3939
f 3920 3939 3938
f 3921 3922 3940
f 3921 3940 3939
f 3922 3923 3941
f 3922 3941 3940
f 3923 3924 3942
f 3923 3942 3941
f 3924 3907 3925
f 3924 3925 3942
f 3925 3926 3944
f 3925 3944 3943
f 3926 3927 3945
f 3926 3945 3944
f 3927 3928 3946
f 3927 3946 3945
f 3928 3929 3947
f 3928 3947 3946
f 3929 3930 3948
f 3929 3948 3947
f 3930 3931 3949
f 3930 3949 3948
f 3931 3932 3950
f 3931 3950 3949
f 3932 3933 3951
f 3932 3951 3950
f 3933 3934 3952
f 3933 3952 3951
f 3934 3935 3953
f 3934 3953 3952
f 3935 3936 3954
f 3935 3954 3953
f 3936 3937 3955
f 3936 3955 3954
f 3937 3938 3956
f 3937 3956 3955
f 3938 3939 3957
f 3938 3957 3956
f 3939 3940 3958
f 3939 3958 3957
f 3940 3941 3959
f 3940 3959 3958
f 3941 3942 3960
f 3941 3960 3959
f 3942 3925 3943
f 3942 3943 3960
f 3943 3944 2
f 3943 2 1
f 3944 3945 3
f 3944 3 2
f 3945 3946 4
f 3945 4 3
f 3946 3947 5
f 3946 5 4
f 3947 3948 6
f 3947 6 5
f 3948 3949 7
f 3948 7 6
f 3949 3950 8
f 3949 8 7
f 3950 3951 9
f 3950 9 8
f 3951 3952 10
f 3951 10 9
f 3952 3953 11
f 3952 11 10
f 3953 3954 12
f 3953 12 11
f 3954 3955 13
f 3954 13 12
f 3955 3956 14
f 3955 14 13
f 3956 3957 15
f 3956 15 14
f 3957 3958 16
f 3957 16 15
f 3958 3959 17
f 3958 17 16
f 3959 3960 18
f 3959 18 17
f 3960 3943 1
f 3960 1 18
